[{"model": "admin.logentry", "pk": 1, "fields": {"action_time": "2021-02-07T12:53:56.825Z", "user": 1, "content_type": 7, "object_id": "1", "object_repr": "brightideas.example.com", "action_flag": 2, "change_message": "[{\"changed\": {\"fields\": [\"Domain name\", \"Display name\"]}}]"}}, {"model": "admin.logentry", "pk": 2, "fields": {"action_time": "2021-02-07T12:54:27.426Z", "user": 1, "content_type": 7, "object_id": "1", "object_repr": "brightideas.example.com", "action_flag": 2, "change_message": "[{\"changed\": {\"fields\": [\"Display name\"]}}]"}}, {"model": "admin.logentry", "pk": 3, "fields": {"action_time": "2021-02-07T13:26:27.625Z", "user": 1, "content_type": 8, "object_id": "1", "object_repr": "dexter08@email.com", "action_flag": 2, "change_message": "[{\"changed\": {\"fields\": [\"Verified\", \"Primary\"]}}]"}}, {"model": "admin.logentry", "pk": 4, "fields": {"action_time": "2021-02-16T10:01:40.867Z", "user": 1, "content_type": 13, "object_id": "1", "object_repr": "dining_room", "action_flag": 1, "change_message": "[{\"added\": {}}]"}}, {"model": "admin.logentry", "pk": 5, "fields": {"action_time": "2021-02-16T10:02:03.659Z", "user": 1, "content_type": 13, "object_id": "2", "object_repr": "kitchen_lights", "action_flag": 1, "change_message": "[{\"added\": {}}]"}}, {"model": "admin.logentry", "pk": 6, "fields": {"action_time": "2021-02-16T10:02:43.105Z", "user": 1, "content_type": 13, "object_id": "3", "object_repr": "bedroom_light", "action_flag": 1, "change_message": "[{\"added\": {}}]"}}, {"model": "admin.logentry", "pk": 7, "fields": {"action_time": "2021-02-16T10:02:48.786Z", "user": 1, "content_type": 13, "object_id": "2", "object_repr": "kitchen_light", "action_flag": 2, "change_message": "[{\"changed\": {\"fields\": [\"Name\", \"Friendly name\"]}}]"}}, {"model": "admin.logentry", "pk": 8, "fields": {"action_time": "2021-02-16T10:03:17.112Z", "user": 1, "content_type": 13, "object_id": "4", "object_repr": "bathroom_light", "action_flag": 1, "change_message": "[{\"added\": {}}]"}}, {"model": "admin.logentry", "pk": 9, "fields": {"action_time": "2021-02-16T10:03:35.960Z", "user": 1, "content_type": 13, "object_id": "5", "object_repr": "flooor_lamp", "action_flag": 1, "change_message": "[{\"added\": {}}]"}}, {"model": "admin.logentry", "pk": 10, "fields": {"action_time": "2021-02-16T10:03:52.432Z", "user": 1, "content_type": 13, "object_id": "6", "object_repr": "table_lamp", "action_flag": 1, "change_message": "[{\"added\": {}}]"}}, {"model": "admin.logentry", "pk": 11, "fields": {"action_time": "2021-02-16T10:04:01.133Z", "user": 1, "content_type": 13, "object_id": "5", "object_repr": "floor_lamp", "action_flag": 2, "change_message": "[{\"changed\": {\"fields\": [\"Name\"]}}]"}}, {"model": "admin.logentry", "pk": 12, "fields": {"action_time": "2021-02-16T10:04:05.881Z", "user": 1, "content_type": 13, "object_id": "5", "object_repr": "floor_lamp", "action_flag": 2, "change_message": "[]"}}, {"model": "admin.logentry", "pk": 13, "fields": {"action_time": "2021-02-16T10:06:30.706Z", "user": 1, "content_type": 13, "object_id": "7", "object_repr": "outdoor_wall_light", "action_flag": 1, "change_message": "[{\"added\": {}}]"}}, {"model": "admin.logentry", "pk": 14, "fields": {"action_time": "2021-02-16T10:06:52.380Z", "user": 1, "content_type": 13, "object_id": "8", "object_repr": "outdoor_ceiling_light", "action_flag": 1, "change_message": "[{\"added\": {}}]"}}, {"model": "admin.logentry", "pk": 15, "fields": {"action_time": "2021-02-16T10:08:41.407Z", "user": 1, "content_type": 13, "object_id": "9", "object_repr": "outdoor_recessed_lighting", "action_flag": 1, "change_message": "[{\"added\": {}}]"}}, {"model": "admin.logentry", "pk": 16, "fields": {"action_time": "2021-02-16T10:09:06.028Z", "user": 1, "content_type": 13, "object_id": "10", "object_repr": "solor_lighting", "action_flag": 1, "change_message": "[{\"added\": {}}]"}}, {"model": "admin.logentry", "pk": 17, "fields": {"action_time": "2021-02-16T10:09:43.633Z", "user": 1, "content_type": 13, "object_id": "11", "object_repr": "outdoor_sensor_lighting", "action_flag": 1, "change_message": "[{\"added\": {}}]"}}, {"model": "admin.logentry", "pk": 18, "fields": {"action_time": "2021-02-16T10:10:01.111Z", "user": 1, "content_type": 13, "object_id": "2", "object_repr": "kitchen_lighting", "action_flag": 2, "change_message": "[{\"changed\": {\"fields\": [\"Name\", \"Friendly name\"]}}]"}}, {"model": "admin.logentry", "pk": 19, "fields": {"action_time": "2021-02-16T10:10:06.002Z", "user": 1, "content_type": 13, "object_id": "6", "object_repr": "table_lamp", "action_flag": 2, "change_message": "[]"}}, {"model": "admin.logentry", "pk": 20, "fields": {"action_time": "2021-02-16T10:10:15.373Z", "user": 1, "content_type": 13, "object_id": "4", "object_repr": "bathroom_lighting", "action_flag": 2, "change_message": "[{\"changed\": {\"fields\": [\"Name\", \"Friendly name\"]}}]"}}, {"model": "admin.logentry", "pk": 21, "fields": {"action_time": "2021-02-16T10:10:23.806Z", "user": 1, "content_type": 13, "object_id": "3", "object_repr": "bedroom_lighting", "action_flag": 2, "change_message": "[{\"changed\": {\"fields\": [\"Name\", \"Friendly name\"]}}]"}}, {"model": "admin.logentry", "pk": 22, "fields": {"action_time": "2021-02-16T10:10:44.142Z", "user": 1, "content_type": 13, "object_id": "1", "object_repr": "dining_room_lighting", "action_flag": 2, "change_message": "[{\"changed\": {\"fields\": [\"Name\", \"Friendly name\"]}}]"}}, {"model": "admin.logentry", "pk": 23, "fields": {"action_time": "2021-02-16T10:10:53.782Z", "user": 1, "content_type": 13, "object_id": "10", "object_repr": "solar_lighting", "action_flag": 2, "change_message": "[{\"changed\": {\"fields\": [\"Name\"]}}]"}}, {"model": "admin.logentry", "pk": 24, "fields": {"action_time": "2021-02-16T10:12:13.077Z", "user": 1, "content_type": 13, "object_id": "12", "object_repr": "led_buld", "action_flag": 1, "change_message": "[{\"added\": {}}]"}}, {"model": "admin.logentry", "pk": 25, "fields": {"action_time": "2021-02-16T10:12:38.239Z", "user": 1, "content_type": 13, "object_id": "13", "object_repr": "halogen_bulb", "action_flag": 1, "change_message": "[{\"added\": {}}]"}}, {"model": "admin.logentry", "pk": 26, "fields": {"action_time": "2021-02-16T10:26:52.055Z", "user": 1, "content_type": 14, "object_id": "1", "object_repr": "Lindby Sofian hanging lamp, three-bulb, smoky grey", "action_flag": 1, "change_message": "[{\"added\": {}}]"}}, {"model": "admin.logentry", "pk": 27, "fields": {"action_time": "2021-02-16T10:28:33.735Z", "user": 1, "content_type": 14, "object_id": "1", "object_repr": "Lindby Sofian hanging lamp, three-bulb, smoky grey", "action_flag": 2, "change_message": "[]"}}, {"model": "admin.logentry", "pk": 28, "fields": {"action_time": "2021-02-16T10:34:10.964Z", "user": 1, "content_type": 14, "object_id": "2", "object_repr": "Karou hanging light, 5-bulb, stained grey", "action_flag": 1, "change_message": "[{\"added\": {}}]"}}, {"model": "admin.logentry", "pk": 29, "fields": {"action_time": "2021-02-16T10:35:54.314Z", "user": 1, "content_type": 14, "object_id": "3", "object_repr": "ELC Kalean LED ceiling spotlight, nickel, 4-bulb", "action_flag": 1, "change_message": "[{\"added\": {}}]"}}, {"model": "admin.logentry", "pk": 30, "fields": {"action_time": "2021-02-16T10:38:22.218Z", "user": 1, "content_type": 14, "object_id": "4", "object_repr": "Linear pendant light Cintia with wood, 6-bulb", "action_flag": 1, "change_message": "[{\"added\": {}}]"}}, {"model": "admin.logentry", "pk": 31, "fields": {"action_time": "2021-02-16T10:38:28.393Z", "user": 1, "content_type": 14, "object_id": "2", "object_repr": "Karou hanging light, 5-bulb, stained grey", "action_flag": 2, "change_message": "[]"}}, {"model": "admin.logentry", "pk": 32, "fields": {"action_time": "2021-02-16T10:39:02.387Z", "user": 1, "content_type": 14, "object_id": "3", "object_repr": "ELC Kalean LED ceiling spotlight, nickel, 4-bulb", "action_flag": 2, "change_message": "[{\"changed\": {\"fields\": [\"Sku\"]}}]"}}, {"model": "admin.logentry", "pk": 33, "fields": {"action_time": "2021-02-16T10:42:43.583Z", "user": 1, "content_type": 14, "object_id": "5", "object_repr": "Midway pendant light in black/copper 4-bulb round", "action_flag": 1, "change_message": "[{\"added\": {}}]"}}, {"model": "admin.logentry", "pk": 34, "fields": {"action_time": "2021-02-16T10:44:13.410Z", "user": 1, "content_type": 14, "object_id": "6", "object_repr": "Hanging light Emily in black, three-bulb", "action_flag": 1, "change_message": "[{\"added\": {}}]"}}, {"model": "admin.logentry", "pk": 35, "fields": {"action_time": "2021-02-16T10:46:58.479Z", "user": 1, "content_type": 14, "object_id": "7", "object_repr": "Ticino - LED ceiling lamp, 3 bulbs", "action_flag": 1, "change_message": "[{\"added\": {}}]"}}, {"model": "admin.logentry", "pk": 36, "fields": {"action_time": "2021-02-16T10:48:14.549Z", "user": 1, "content_type": 14, "object_id": "8", "object_repr": "Ceiling lamp Umma, semi-flush, grey", "action_flag": 1, "change_message": "[{\"added\": {}}]"}}, {"model": "admin.logentry", "pk": 37, "fields": {"action_time": "2021-02-16T10:49:48.944Z", "user": 1, "content_type": 14, "object_id": "9", "object_repr": "Pikka LED ceiling light with a white lampshade", "action_flag": 1, "change_message": "[{\"added\": {}}]"}}, {"model": "admin.logentry", "pk": 38, "fields": {"action_time": "2021-02-16T10:53:01.516Z", "user": 1, "content_type": 14, "object_id": "10", "object_repr": "Marlo LED ceiling lamp white 3000 K round 25.2 cm", "action_flag": 1, "change_message": "[{\"added\": {}}]"}}, {"model": "admin.logentry", "pk": 39, "fields": {"action_time": "2021-02-16T10:54:28.908Z", "user": 1, "content_type": 14, "object_id": "11", "object_repr": "Lindby Flavi bathroom ceiling lamp, Ø 23 cm nickel", "action_flag": 1, "change_message": "[{\"added\": {}}]"}}, {"model": "admin.logentry", "pk": 40, "fields": {"action_time": "2021-02-16T10:57:43.776Z", "user": 1, "content_type": 14, "object_id": "12", "object_repr": "Extravagant Lisandra LED ceiling light", "action_flag": 1, "change_message": "[{\"added\": {}}]"}}, {"model": "admin.logentry", "pk": 41, "fields": {"action_time": "2021-02-16T10:57:59.760Z", "user": 1, "content_type": 13, "object_id": "4", "object_repr": "bathroom_lighting", "action_flag": 3, "change_message": ""}}, {"model": "admin.logentry", "pk": 42, "fields": {"action_time": "2021-02-16T11:03:13.488Z", "user": 1, "content_type": 14, "object_id": "6", "object_repr": "Hanging light Emily in black, three-bulb", "action_flag": 2, "change_message": "[{\"changed\": {\"fields\": [\"Image\"]}}]"}}, {"model": "admin.logentry", "pk": 43, "fields": {"action_time": "2021-02-16T11:03:45.523Z", "user": 1, "content_type": 14, "object_id": "2", "object_repr": "Karou hanging light, 5-bulb, stained grey", "action_flag": 2, "change_message": "[{\"changed\": {\"fields\": [\"Image\"]}}]"}}, {"model": "admin.logentry", "pk": 44, "fields": {"action_time": "2021-02-16T11:06:05.638Z", "user": 1, "content_type": 14, "object_id": "13", "object_repr": "Dimmable LED floor lamp Lilian, chintz lampshade", "action_flag": 1, "change_message": "[{\"added\": {}}]"}}, {"model": "admin.logentry", "pk": 45, "fields": {"action_time": "2021-02-16T11:07:11.547Z", "user": 1, "content_type": 14, "object_id": "14", "object_repr": "Cream Natalia floor lamp, printing on the inside", "action_flag": 1, "change_message": "[{\"added\": {}}]"}}, {"model": "admin.logentry", "pk": 46, "fields": {"action_time": "2021-02-16T11:08:33.340Z", "user": 1, "content_type": 14, "object_id": "15", "object_repr": "Ruben floor lamp, black, three-bulb", "action_flag": 1, "change_message": "[{\"added\": {}}]"}}, {"model": "admin.logentry", "pk": 47, "fields": {"action_time": "2021-02-16T11:10:33.055Z", "user": 1, "content_type": 14, "object_id": "16", "object_repr": "Rock salt lamp emits wellness light 3 kg", "action_flag": 1, "change_message": "[{\"added\": {}}]"}}, {"model": "admin.logentry", "pk": 48, "fields": {"action_time": "2021-02-16T11:14:27.813Z", "user": 1, "content_type": 14, "object_id": "17", "object_repr": "Fabric table lamp Benjiro with an LED reading lamp", "action_flag": 1, "change_message": "[{\"added\": {}}]"}}, {"model": "admin.logentry", "pk": 49, "fields": {"action_time": "2021-02-16T11:16:39.495Z", "user": 1, "content_type": 14, "object_id": "18", "object_repr": "Lette LED table lamp with timer, battery-powered", "action_flag": 1, "change_message": "[{\"added\": {}}]"}}, {"model": "admin.logentry", "pk": 50, "fields": {"action_time": "2021-02-16T11:19:08.882Z", "user": 1, "content_type": 14, "object_id": "19", "object_repr": "Lucande Ferda ceiling light for outdoors", "action_flag": 1, "change_message": "[{\"added\": {}}]"}}, {"model": "admin.logentry", "pk": 51, "fields": {"action_time": "2021-02-16T11:20:25.016Z", "user": 1, "content_type": 14, "object_id": "20", "object_repr": "Naira LED outdoor ceiling lamp, grey, with sensor", "action_flag": 1, "change_message": "[{\"added\": {}}]"}}, {"model": "admin.logentry", "pk": 52, "fields": {"action_time": "2021-02-16T11:21:41.341Z", "user": 1, "content_type": 14, "object_id": "21", "object_repr": "Melzo practical LED outdoor wall light", "action_flag": 1, "change_message": "[{\"added\": {}}]"}}, {"model": "admin.logentry", "pk": 53, "fields": {"action_time": "2021-02-16T11:29:05.664Z", "user": 1, "content_type": 14, "object_id": "22", "object_repr": "Buzzard myGarden - black outdoor wall lamp", "action_flag": 1, "change_message": "[{\"added\": {}}]"}}, {"model": "admin.logentry", "pk": 54, "fields": {"action_time": "2021-02-16T11:30:28.198Z", "user": 1, "content_type": 14, "object_id": "23", "object_repr": "Abby LED outdoor wall light without sensor", "action_flag": 1, "change_message": "[{\"added\": {}}]"}}, {"model": "admin.logentry", "pk": 55, "fields": {"action_time": "2021-02-16T11:31:33.497Z", "user": 1, "content_type": 14, "object_id": "24", "object_repr": "Artu outdoor wall light with an antique look", "action_flag": 1, "change_message": "[{\"added\": {}}]"}}, {"model": "admin.logentry", "pk": 56, "fields": {"action_time": "2021-02-16T11:34:18.513Z", "user": 1, "content_type": 14, "object_id": "25", "object_repr": "Deck light Ceci 160-3L 10W in grey", "action_flag": 1, "change_message": "[{\"added\": {}}]"}}, {"model": "admin.logentry", "pk": 57, "fields": {"action_time": "2021-02-16T11:35:32.088Z", "user": 1, "content_type": 14, "object_id": "26", "object_repr": "Paulmann LED solar recessed floor light Aron", "action_flag": 1, "change_message": "[{\"added\": {}}]"}}, {"model": "admin.logentry", "pk": 58, "fields": {"action_time": "2021-02-16T11:36:44.274Z", "user": 1, "content_type": 14, "object_id": "27", "object_repr": "Suria-24 - round LED deck light, 24°", "action_flag": 1, "change_message": "[{\"added\": {}}]"}}, {"model": "admin.logentry", "pk": 59, "fields": {"action_time": "2021-02-16T11:39:41.673Z", "user": 1, "content_type": 14, "object_id": "28", "object_repr": "Endura Flood sensor outdoor spotlight 840 DG", "action_flag": 1, "change_message": "[{\"added\": {}}]"}}, {"model": "admin.logentry", "pk": 60, "fields": {"action_time": "2021-02-16T11:41:00.967Z", "user": 1, "content_type": 14, "object_id": "29", "object_repr": "XLED Home 2 XL - LED wall light with sensor", "action_flag": 1, "change_message": "[{\"added\": {}}]"}}, {"model": "admin.logentry", "pk": 61, "fields": {"action_time": "2021-02-16T11:42:20.018Z", "user": 1, "content_type": 14, "object_id": "30", "object_repr": "Emilio solar wall light with sensor and LEDs", "action_flag": 1, "change_message": "[{\"added\": {}}]"}}, {"model": "admin.logentry", "pk": 62, "fields": {"action_time": "2021-02-16T11:44:29.038Z", "user": 1, "content_type": 14, "object_id": "31", "object_repr": "Adem LED solar deco light, ethnic style, 30.5 cm", "action_flag": 1, "change_message": "[{\"added\": {}}]"}}, {"model": "admin.logentry", "pk": 63, "fields": {"action_time": "2021-02-16T11:45:34.062Z", "user": 1, "content_type": 14, "object_id": "32", "object_repr": "Fency - LED solar wall light in set of 3", "action_flag": 1, "change_message": "[{\"added\": {}}]"}}, {"model": "admin.logentry", "pk": 64, "fields": {"action_time": "2021-02-16T11:46:38.958Z", "user": 1, "content_type": 14, "object_id": "33", "object_repr": "Filip LED solar light in graphite, ground spike", "action_flag": 1, "change_message": "[{\"added\": {}}]"}}, {"model": "admin.logentry", "pk": 65, "fields": {"action_time": "2021-02-16T11:51:00.921Z", "user": 1, "content_type": 14, "object_id": "34", "object_repr": "E27 9 W 830 LED bulb, warm white", "action_flag": 1, "change_message": "[{\"added\": {}}]"}}, {"model": "admin.logentry", "pk": 66, "fields": {"action_time": "2021-02-16T11:59:54.173Z", "user": 1, "content_type": 14, "object_id": "34", "object_repr": "E27 9 W 830 LED bulb, warm white", "action_flag": 2, "change_message": "[]"}}, {"model": "admin.logentry", "pk": 67, "fields": {"action_time": "2021-02-16T12:01:17.020Z", "user": 1, "content_type": 14, "object_id": "35", "object_repr": "E27 LED rustic bulb 6 W 500 lm, amber 2,200 K", "action_flag": 1, "change_message": "[{\"added\": {}}]"}}, {"model": "admin.logentry", "pk": 68, "fields": {"action_time": "2021-02-16T12:02:43.297Z", "user": 1, "content_type": 14, "object_id": "36", "object_repr": "Filament LED bulb E27 7.5 W, warm white, dimmable", "action_flag": 1, "change_message": "[{\"added\": {}}]"}}, {"model": "admin.logentry", "pk": 69, "fields": {"action_time": "2021-02-16T12:04:04.389Z", "user": 1, "content_type": 14, "object_id": "37", "object_repr": "GU5.3 MR16 halogen bulb Decostar51 Standard 50W 36", "action_flag": 1, "change_message": "[{\"added\": {}}]"}}, {"model": "admin.logentry", "pk": 70, "fields": {"action_time": "2021-02-16T12:05:50.836Z", "user": 1, "content_type": 14, "object_id": "38", "object_repr": "Osram halogen bulb G4 HALOSTAR STARLITE 5 W", "action_flag": 1, "change_message": "[{\"added\": {}}]"}}, {"model": "admin.logentry", "pk": 71, "fields": {"action_time": "2021-02-16T12:07:01.416Z", "user": 1, "content_type": 14, "object_id": "39", "object_repr": "Philips Hue White Ambiance E27 8.5W, set of 2", "action_flag": 1, "change_message": "[{\"added\": {}}]"}}, {"model": "admin.logentry", "pk": 72, "fields": {"action_time": "2021-02-16T12:08:19.868Z", "user": 1, "content_type": 14, "object_id": "40", "object_repr": "LED bulb B22d 9W, warm white, 806 lumens, set of 4", "action_flag": 1, "change_message": "[{\"added\": {}}]"}}, {"model": "admin.logentry", "pk": 73, "fields": {"action_time": "2021-02-16T12:10:07.362Z", "user": 1, "content_type": 14, "object_id": "41", "object_repr": "LED bulb filament candle E14 4 W warm white, 3 set", "action_flag": 1, "change_message": "[{\"added\": {}}]"}}, {"model": "admin.logentry", "pk": 74, "fields": {"action_time": "2021-02-16T12:13:33.244Z", "user": 1, "content_type": 13, "object_id": "12", "object_repr": "led_buld", "action_flag": 2, "change_message": "[]"}}, {"model": "admin.logentry", "pk": 75, "fields": {"action_time": "2021-02-16T12:31:19.745Z", "user": 1, "content_type": 13, "object_id": "14", "object_repr": "bathroom_lighting", "action_flag": 1, "change_message": "[{\"added\": {}}]"}}, {"model": "admin.logentry", "pk": 76, "fields": {"action_time": "2021-02-16T12:31:39.992Z", "user": 1, "content_type": 14, "object_id": "12", "object_repr": "Extravagant Lisandra LED ceiling light", "action_flag": 2, "change_message": "[{\"changed\": {\"fields\": [\"Category\"]}}]"}}, {"model": "admin.logentry", "pk": 77, "fields": {"action_time": "2021-02-16T12:31:46.640Z", "user": 1, "content_type": 14, "object_id": "11", "object_repr": "Lindby Flavi bathroom ceiling lamp, Ø 23 cm nickel", "action_flag": 2, "change_message": "[{\"changed\": {\"fields\": [\"Category\"]}}]"}}, {"model": "admin.logentry", "pk": 78, "fields": {"action_time": "2021-02-16T12:31:53.284Z", "user": 1, "content_type": 14, "object_id": "10", "object_repr": "Marlo LED ceiling lamp white 3000 K round 25.2 cm", "action_flag": 2, "change_message": "[{\"changed\": {\"fields\": [\"Category\"]}}]"}}, {"model": "admin.logentry", "pk": 79, "fields": {"action_time": "2021-02-16T12:33:17.986Z", "user": 1, "content_type": 14, "object_id": "1", "object_repr": "Lindby Sofian hanging lamp, three-bulb, smoky grey", "action_flag": 2, "change_message": "[{\"changed\": {\"fields\": [\"Image\"]}}]"}}, {"model": "admin.logentry", "pk": 80, "fields": {"action_time": "2021-02-16T12:33:47.307Z", "user": 1, "content_type": 14, "object_id": "15", "object_repr": "Ruben floor lamp, black, three-bulb", "action_flag": 2, "change_message": "[{\"changed\": {\"fields\": [\"Image\"]}}]"}}, {"model": "admin.logentry", "pk": 81, "fields": {"action_time": "2021-02-16T12:34:06.673Z", "user": 1, "content_type": 14, "object_id": "13", "object_repr": "Dimmable LED floor lamp Lilian, chintz lampshade", "action_flag": 2, "change_message": "[{\"changed\": {\"fields\": [\"Image\"]}}]"}}, {"model": "admin.logentry", "pk": 82, "fields": {"action_time": "2021-02-16T12:35:21.819Z", "user": 1, "content_type": 14, "object_id": "41", "object_repr": "LED bulb filament candle E14 4 W warm white, 3 set", "action_flag": 2, "change_message": "[{\"changed\": {\"fields\": [\"Image\"]}}]"}}, {"model": "admin.logentry", "pk": 83, "fields": {"action_time": "2021-02-16T12:36:25.957Z", "user": 1, "content_type": 14, "object_id": "39", "object_repr": "Philips Hue White Ambiance E27 8.5W, set of 2", "action_flag": 2, "change_message": "[{\"changed\": {\"fields\": [\"Sku\", \"Image\"]}}]"}}, {"model": "admin.logentry", "pk": 84, "fields": {"action_time": "2021-02-16T12:36:59.772Z", "user": 1, "content_type": 14, "object_id": "1", "object_repr": "Lindby Sofian hanging lamp, three-bulb, smoky grey", "action_flag": 2, "change_message": "[{\"changed\": {\"fields\": [\"Image\"]}}]"}}, {"model": "admin.logentry", "pk": 85, "fields": {"action_time": "2021-02-16T12:37:11.827Z", "user": 1, "content_type": 14, "object_id": "1", "object_repr": "Lindby Sofian hanging lamp, three-bulb, smoky grey", "action_flag": 2, "change_message": "[{\"changed\": {\"fields\": [\"Image\"]}}]"}}, {"model": "admin.logentry", "pk": 86, "fields": {"action_time": "2021-02-16T12:37:20.159Z", "user": 1, "content_type": 14, "object_id": "1", "object_repr": "Lindby Sofian hanging lamp, three-bulb, smoky grey", "action_flag": 2, "change_message": "[{\"changed\": {\"fields\": [\"Image\"]}}]"}}, {"model": "admin.logentry", "pk": 87, "fields": {"action_time": "2021-02-16T12:38:59.828Z", "user": 1, "content_type": 14, "object_id": "1", "object_repr": "Lindby Sofian hanging lamp, three-bulb, smoky grey", "action_flag": 2, "change_message": "[{\"changed\": {\"fields\": [\"Image\"]}}]"}}, {"model": "admin.logentry", "pk": 88, "fields": {"action_time": "2021-02-16T12:39:10.357Z", "user": 1, "content_type": 14, "object_id": "1", "object_repr": "Lindby Sofian hanging lamp, three-bulb, smoky grey", "action_flag": 2, "change_message": "[{\"changed\": {\"fields\": [\"Image\"]}}]"}}, {"model": "admin.logentry", "pk": 89, "fields": {"action_time": "2021-02-16T12:40:33.487Z", "user": 1, "content_type": 14, "object_id": "1", "object_repr": "Lindby Sofian hanging lamp, three-bulb, smoky grey", "action_flag": 2, "change_message": "[{\"changed\": {\"fields\": [\"Image\"]}}]"}}, {"model": "admin.logentry", "pk": 90, "fields": {"action_time": "2021-02-16T12:40:57.152Z", "user": 1, "content_type": 14, "object_id": "1", "object_repr": "Lindby Sofian hanging lamp, three-bulb, smoky grey", "action_flag": 2, "change_message": "[{\"changed\": {\"fields\": [\"Image\"]}}]"}}, {"model": "admin.logentry", "pk": 91, "fields": {"action_time": "2021-02-16T12:41:48.522Z", "user": 1, "content_type": 14, "object_id": "1", "object_repr": "Lindby Sofian hanging lamp, three-bulb, smoky grey", "action_flag": 2, "change_message": "[{\"changed\": {\"fields\": [\"Image\"]}}]"}}, {"model": "admin.logentry", "pk": 92, "fields": {"action_time": "2021-02-17T12:27:36.003Z", "user": 1, "content_type": 14, "object_id": "28", "object_repr": "Endura Flood sensor outdoor spotlight 840 DG", "action_flag": 2, "change_message": "[{\"changed\": {\"fields\": [\"Category\"]}}]"}}, {"model": "admin.logentry", "pk": 93, "fields": {"action_time": "2021-02-17T12:28:55.901Z", "user": 1, "content_type": 13, "object_id": "12", "object_repr": "led_bulb", "action_flag": 2, "change_message": "[{\"changed\": {\"fields\": [\"Name\"]}}]"}}, {"model": "admin.logentry", "pk": 94, "fields": {"action_time": "2021-02-21T20:45:39.160Z", "user": 1, "content_type": 14, "object_id": "40", "object_repr": "LED bulb B22d 9W, warm white, 806 lumens, set of 4", "action_flag": 2, "change_message": "[{\"changed\": {\"fields\": [\"Is multipack\"]}}]"}}, {"model": "admin.logentry", "pk": 95, "fields": {"action_time": "2021-02-21T20:45:45.700Z", "user": 1, "content_type": 14, "object_id": "41", "object_repr": "LED bulb filament candle E14 4 W warm white, 3 set", "action_flag": 2, "change_message": "[{\"changed\": {\"fields\": [\"Is multipack\"]}}]"}}, {"model": "admin.logentry", "pk": 96, "fields": {"action_time": "2021-02-21T20:45:52.447Z", "user": 1, "content_type": 14, "object_id": "39", "object_repr": "Philips Hue White Ambiance E27 8.5W, set of 2", "action_flag": 2, "change_message": "[{\"changed\": {\"fields\": [\"Is multipack\"]}}]"}}, {"model": "admin.logentry", "pk": 97, "fields": {"action_time": "2021-02-21T20:48:26.662Z", "user": 1, "content_type": 14, "object_id": "39", "object_repr": "Philips Hue White Ambiance E27 8.5W, set of 2", "action_flag": 2, "change_message": "[{\"changed\": {\"fields\": [\"Is clearance\"]}}]"}}, {"model": "admin.logentry", "pk": 98, "fields": {"action_time": "2021-02-22T10:25:57.076Z", "user": 1, "content_type": 15, "object_id": "3", "object_repr": "060EC3DFED404A8BB5A7BFD98D17A5B0", "action_flag": 2, "change_message": "[{\"added\": {\"name\": \"order line item\", \"object\": \"SKU 9619201 on order 060EC3DFED404A8BB5A7BFD98D17A5B0\"}}]"}}, {"model": "admin.logentry", "pk": 99, "fields": {"action_time": "2021-02-22T10:26:40.305Z", "user": 1, "content_type": 15, "object_id": "1", "object_repr": "8F2CA4DA092D4ACBBD63CDEBC6B402EC", "action_flag": 2, "change_message": "[{\"changed\": {\"name\": \"order line item\", \"object\": \"SKU 1573050 on order 8F2CA4DA092D4ACBBD63CDEBC6B402EC\", \"fields\": [\"Quantity\"]}}]"}}, {"model": "admin.logentry", "pk": 100, "fields": {"action_time": "2021-02-22T10:49:10.828Z", "user": 1, "content_type": 15, "object_id": "3", "object_repr": "060EC3DFED404A8BB5A7BFD98D17A5B0", "action_flag": 2, "change_message": "[{\"changed\": {\"name\": \"order line item\", \"object\": \"SKU 1573050 on order 060EC3DFED404A8BB5A7BFD98D17A5B0\", \"fields\": [\"Quantity\"]}}]"}}, {"model": "admin.logentry", "pk": 101, "fields": {"action_time": "2021-02-22T10:55:55.325Z", "user": 1, "content_type": 15, "object_id": "2", "object_repr": "5302CDAECA374C40870B7BEE43A95B2B", "action_flag": 2, "change_message": "[{\"changed\": {\"name\": \"order line item\", \"object\": \"SKU 7262107 on order 5302CDAECA374C40870B7BEE43A95B2B\", \"fields\": [\"Quantity\"]}}]"}}, {"model": "admin.logentry", "pk": 102, "fields": {"action_time": "2021-02-22T10:57:34.301Z", "user": 1, "content_type": 15, "object_id": "2", "object_repr": "5302CDAECA374C40870B7BEE43A95B2B", "action_flag": 2, "change_message": "[{\"changed\": {\"name\": \"order line item\", \"object\": \"SKU 9993043 on order 5302CDAECA374C40870B7BEE43A95B2B\", \"fields\": [\"Quantity\"]}}]"}}, {"model": "admin.logentry", "pk": 103, "fields": {"action_time": "2021-02-22T10:59:41.366Z", "user": 1, "content_type": 15, "object_id": "1", "object_repr": "8F2CA4DA092D4ACBBD63CDEBC6B402EC", "action_flag": 2, "change_message": "[{\"changed\": {\"name\": \"order line item\", \"object\": \"SKU 1573050 on order 8F2CA4DA092D4ACBBD63CDEBC6B402EC\", \"fields\": [\"Quantity\"]}}]"}}, {"model": "admin.logentry", "pk": 104, "fields": {"action_time": "2021-02-22T11:01:45.710Z", "user": 1, "content_type": 15, "object_id": "1", "object_repr": "8F2CA4DA092D4ACBBD63CDEBC6B402EC", "action_flag": 2, "change_message": "[{\"changed\": {\"name\": \"order line item\", \"object\": \"SKU 1573050 on order 8F2CA4DA092D4ACBBD63CDEBC6B402EC\", \"fields\": [\"Quantity\"]}}]"}}, {"model": "admin.logentry", "pk": 105, "fields": {"action_time": "2021-02-22T11:01:55.713Z", "user": 1, "content_type": 15, "object_id": "1", "object_repr": "8F2CA4DA092D4ACBBD63CDEBC6B402EC", "action_flag": 2, "change_message": "[{\"deleted\": {\"name\": \"order line item\", \"object\": \"SKU 1573050 on order 8F2CA4DA092D4ACBBD63CDEBC6B402EC\"}}]"}}, {"model": "admin.logentry", "pk": 106, "fields": {"action_time": "2021-02-22T11:02:05.100Z", "user": 1, "content_type": 15, "object_id": "1", "object_repr": "8F2CA4DA092D4ACBBD63CDEBC6B402EC", "action_flag": 2, "change_message": "[{\"added\": {\"name\": \"order line item\", \"object\": \"SKU 9949022 on order 8F2CA4DA092D4ACBBD63CDEBC6B402EC\"}}]"}}, {"model": "admin.logentry", "pk": 107, "fields": {"action_time": "2021-02-22T11:03:49.178Z", "user": 1, "content_type": 15, "object_id": "1", "object_repr": "8F2CA4DA092D4ACBBD63CDEBC6B402EC", "action_flag": 2, "change_message": "[{\"deleted\": {\"name\": \"order line item\", \"object\": \"SKU 9949022 on order 8F2CA4DA092D4ACBBD63CDEBC6B402EC\"}}]"}}, {"model": "admin.logentry", "pk": 108, "fields": {"action_time": "2021-02-22T11:04:35.046Z", "user": 1, "content_type": 15, "object_id": "1", "object_repr": "8F2CA4DA092D4ACBBD63CDEBC6B402EC", "action_flag": 2, "change_message": "[{\"added\": {\"name\": \"order line item\", \"object\": \"SKU 9624026 on order 8F2CA4DA092D4ACBBD63CDEBC6B402EC\"}}]"}}, {"model": "admin.logentry", "pk": 109, "fields": {"action_time": "2021-02-22T11:31:17.112Z", "user": 1, "content_type": 15, "object_id": "4", "object_repr": "CA1566B142234FD682C54504375BFFE4", "action_flag": 2, "change_message": "[{\"changed\": {\"name\": \"order line item\", \"object\": \"SKU 1573050 on order CA1566B142234FD682C54504375BFFE4\", \"fields\": [\"Quantity\"]}}]"}}, {"model": "admin.logentry", "pk": 110, "fields": {"action_time": "2021-02-22T11:31:28.073Z", "user": 1, "content_type": 15, "object_id": "3", "object_repr": "060EC3DFED404A8BB5A7BFD98D17A5B0", "action_flag": 2, "change_message": "[{\"changed\": {\"name\": \"order line item\", \"object\": \"SKU 9619201 on order 060EC3DFED404A8BB5A7BFD98D17A5B0\", \"fields\": [\"Quantity\"]}}]"}}, {"model": "admin.logentry", "pk": 111, "fields": {"action_time": "2021-02-22T11:31:34.864Z", "user": 1, "content_type": 15, "object_id": "2", "object_repr": "5302CDAECA374C40870B7BEE43A95B2B", "action_flag": 2, "change_message": "[{\"changed\": {\"name\": \"order line item\", \"object\": \"SKU 9993043 on order 5302CDAECA374C40870B7BEE43A95B2B\", \"fields\": [\"Quantity\"]}}]"}}, {"model": "admin.logentry", "pk": 112, "fields": {"action_time": "2021-02-22T11:31:42.434Z", "user": 1, "content_type": 15, "object_id": "1", "object_repr": "8F2CA4DA092D4ACBBD63CDEBC6B402EC", "action_flag": 2, "change_message": "[{\"changed\": {\"name\": \"order line item\", \"object\": \"SKU 9624026 on order 8F2CA4DA092D4ACBBD63CDEBC6B402EC\", \"fields\": [\"Quantity\"]}}]"}}, {"model": "admin.logentry", "pk": 113, "fields": {"action_time": "2021-02-22T19:51:53.803Z", "user": 1, "content_type": 4, "object_id": "2", "object_repr": "bobby", "action_flag": 2, "change_message": "[{\"changed\": {\"fields\": [\"First name\", \"Last name\"]}}]"}}, {"model": "admin.logentry", "pk": 114, "fields": {"action_time": "2021-02-22T23:33:52.631Z", "user": 1, "content_type": 14, "object_id": "44", "object_repr": "testy", "action_flag": 3, "change_message": ""}}, {"model": "admin.logentry", "pk": 115, "fields": {"action_time": "2021-02-23T10:02:25.295Z", "user": 1, "content_type": 14, "object_id": "46", "object_repr": "gfshgfsh", "action_flag": 2, "change_message": "[{\"changed\": {\"fields\": [\"Image\"]}}]"}}, {"model": "admin.logentry", "pk": 116, "fields": {"action_time": "2021-02-23T10:02:47.786Z", "user": 1, "content_type": 14, "object_id": "46", "object_repr": "gfshgfsh", "action_flag": 2, "change_message": "[{\"changed\": {\"fields\": [\"Image\"]}}]"}}, {"model": "admin.logentry", "pk": 117, "fields": {"action_time": "2021-02-23T10:09:28.480Z", "user": 1, "content_type": 14, "object_id": "46", "object_repr": "gfshgfsh", "action_flag": 2, "change_message": "[{\"changed\": {\"fields\": [\"Image\"]}}]"}}, {"model": "admin.logentry", "pk": 118, "fields": {"action_time": "2021-02-23T10:23:40.667Z", "user": 1, "content_type": 14, "object_id": "45", "object_repr": "hgjngh", "action_flag": 3, "change_message": ""}}, {"model": "admin.logentry", "pk": 119, "fields": {"action_time": "2021-02-23T10:23:58.675Z", "user": 1, "content_type": 14, "object_id": "46", "object_repr": "gfshgfsh", "action_flag": 3, "change_message": ""}}, {"model": "admin.logentry", "pk": 120, "fields": {"action_time": "2021-02-23T10:29:14.144Z", "user": 1, "content_type": 14, "object_id": "47", "object_repr": "test2", "action_flag": 3, "change_message": ""}}, {"model": "admin.logentry", "pk": 121, "fields": {"action_time": "2021-02-23T10:39:53.938Z", "user": 1, "content_type": 14, "object_id": "48", "object_repr": "test3", "action_flag": 2, "change_message": "[{\"changed\": {\"fields\": [\"Image\"]}}]"}}, {"model": "admin.logentry", "pk": 122, "fields": {"action_time": "2021-02-23T10:40:03.580Z", "user": 1, "content_type": 14, "object_id": "48", "object_repr": "test3", "action_flag": 2, "change_message": "[{\"changed\": {\"fields\": [\"Image\"]}}]"}}, {"model": "admin.logentry", "pk": 123, "fields": {"action_time": "2021-02-23T10:41:04.220Z", "user": 1, "content_type": 14, "object_id": "48", "object_repr": "test3", "action_flag": 3, "change_message": ""}}, {"model": "admin.logentry", "pk": 124, "fields": {"action_time": "2021-02-23T15:13:16.261Z", "user": 1, "content_type": 14, "object_id": "50", "object_repr": "test55", "action_flag": 3, "change_message": ""}}, {"model": "admin.logentry", "pk": 125, "fields": {"action_time": "2021-02-23T15:13:16.288Z", "user": 1, "content_type": 14, "object_id": "49", "object_repr": "test", "action_flag": 3, "change_message": ""}}, {"model": "admin.logentry", "pk": 126, "fields": {"action_time": "2021-02-23T17:10:12.615Z", "user": 1, "content_type": 18, "object_id": "1", "object_repr": "Ruari O'Neill", "action_flag": 1, "change_message": "[{\"added\": {}}]"}}, {"model": "admin.logentry", "pk": 127, "fields": {"action_time": "2021-02-23T17:15:20.735Z", "user": 1, "content_type": 18, "object_id": "2", "object_repr": "Amrit Craft", "action_flag": 1, "change_message": "[{\"added\": {}}]"}}, {"model": "admin.logentry", "pk": 128, "fields": {"action_time": "2021-02-23T17:21:50.578Z", "user": 1, "content_type": 18, "object_id": "3", "object_repr": "Yasmin Zimmerman", "action_flag": 1, "change_message": "[{\"added\": {}}]"}}, {"model": "admin.logentry", "pk": 129, "fields": {"action_time": "2021-02-23T17:28:27.134Z", "user": 1, "content_type": 18, "object_id": "4", "object_repr": "Hector Byrne", "action_flag": 1, "change_message": "[{\"added\": {}}]"}}, {"model": "admin.logentry", "pk": 130, "fields": {"action_time": "2021-02-23T17:29:29.990Z", "user": 1, "content_type": 18, "object_id": "4", "object_repr": "Hector Byrne", "action_flag": 2, "change_message": "[]"}}, {"model": "admin.logentry", "pk": 131, "fields": {"action_time": "2021-02-23T17:37:43.374Z", "user": 1, "content_type": 18, "object_id": "4", "object_repr": "Hector Byrne", "action_flag": 2, "change_message": "[{\"changed\": {\"fields\": [\"Location\"]}}]"}}, {"model": "admin.logentry", "pk": 132, "fields": {"action_time": "2021-02-23T17:37:51.493Z", "user": 1, "content_type": 18, "object_id": "2", "object_repr": "Amrit Craft", "action_flag": 2, "change_message": "[{\"changed\": {\"fields\": [\"Location\"]}}]"}}, {"model": "admin.logentry", "pk": 133, "fields": {"action_time": "2021-02-23T17:38:02.472Z", "user": 1, "content_type": 18, "object_id": "3", "object_repr": "Yasmin Zimmerman", "action_flag": 2, "change_message": "[{\"changed\": {\"fields\": [\"Location\"]}}]"}}, {"model": "admin.logentry", "pk": 134, "fields": {"action_time": "2021-02-23T20:57:43.883Z", "user": 1, "content_type": 18, "object_id": "3", "object_repr": "Yasmin Zimmerman", "action_flag": 2, "change_message": "[{\"changed\": {\"fields\": [\"Description\"]}}]"}}, {"model": "admin.logentry", "pk": 135, "fields": {"action_time": "2021-02-23T20:58:19.817Z", "user": 1, "content_type": 18, "object_id": "3", "object_repr": "Yasmin Zimmerman", "action_flag": 2, "change_message": "[{\"changed\": {\"fields\": [\"Description\"]}}]"}}, {"model": "admin.logentry", "pk": 136, "fields": {"action_time": "2021-02-23T22:09:06.072Z", "user": 1, "content_type": 18, "object_id": "1", "object_repr": "Ruari O'Neill", "action_flag": 2, "change_message": "[{\"changed\": {\"fields\": [\"Description\"]}}]"}}, {"model": "admin.logentry", "pk": 137, "fields": {"action_time": "2021-02-24T19:26:34.583Z", "user": 1, "content_type": 14, "object_id": "51", "object_repr": "test", "action_flag": 2, "change_message": "[{\"changed\": {\"fields\": [\"Image url\"]}}]"}}, {"model": "admin.logentry", "pk": 138, "fields": {"action_time": "2021-02-24T19:51:15.778Z", "user": 1, "content_type": 14, "object_id": "53", "object_repr": "dsafa", "action_flag": 3, "change_message": ""}}, {"model": "admin.logentry", "pk": 139, "fields": {"action_time": "2021-02-24T19:51:15.806Z", "user": 1, "content_type": 14, "object_id": "52", "object_repr": "Test2", "action_flag": 3, "change_message": ""}}, {"model": "admin.logentry", "pk": 140, "fields": {"action_time": "2021-02-24T19:51:15.828Z", "user": 1, "content_type": 14, "object_id": "51", "object_repr": "test", "action_flag": 3, "change_message": ""}}, {"model": "admin.logentry", "pk": 141, "fields": {"action_time": "2021-02-24T19:53:21.446Z", "user": 1, "content_type": 14, "object_id": "54", "object_repr": "test", "action_flag": 3, "change_message": ""}}, {"model": "admin.logentry", "pk": 142, "fields": {"action_time": "2021-02-24T20:33:00.275Z", "user": 1, "content_type": 14, "object_id": "55", "object_repr": "rthreq", "action_flag": 3, "change_message": ""}}, {"model": "admin.logentry", "pk": 143, "fields": {"action_time": "2021-02-24T21:03:46.487Z", "user": 1, "content_type": 14, "object_id": "56", "object_repr": "Shane is the best", "action_flag": 1, "change_message": "[{\"added\": {}}]"}}, {"model": "admin.logentry", "pk": 144, "fields": {"action_time": "2021-02-25T11:57:58.599Z", "user": 1, "content_type": 8, "object_id": "3", "object_repr": "frank@frank.com", "action_flag": 1, "change_message": "[{\"added\": {}}]"}}, {"model": "admin.logentry", "pk": 145, "fields": {"action_time": "2021-02-25T12:30:22.693Z", "user": 1, "content_type": 4, "object_id": "3", "object_repr": "frank", "action_flag": 3, "change_message": ""}}, {"model": "auth.user", "pk": 1, "fields": {"password": "pbkdf2_sha256$216000$YeyzmSF0H2Nx$iHIJLZd0wK0dFIApO8nCNuFE4WlV/G4LZq6PNF6M408=", "last_login": "2021-02-25T22:01:45.287Z", "is_superuser": true, "username": "dexter", "first_name": "", "last_name": "", "email": "dexter08@email.com", "is_staff": true, "is_active": true, "date_joined": "2021-02-06T15:47:54.077Z", "groups": [], "user_permissions": []}}, {"model": "auth.user", "pk": 2, "fields": {"password": "pbkdf2_sha256$216000$dCJ3Esa354tI$yuXTkkgbSbpGvdeSQDiyBeXG7WKMiL62WaQ68JbeMRU=", "last_login": "2021-02-22T20:11:39.198Z", "is_superuser": false, "username": "bobby", "first_name": "Bobby", "last_name": "O'Neill", "email": "bob@bby.com", "is_staff": false, "is_active": true, "date_joined": "2021-02-22T14:43:06Z", "groups": [], "user_permissions": []}}, {"model": "auth.user", "pk": 4, "fields": {"password": "pbkdf2_sha256$216000$F6osxMDGNa9d$uv+dfnesx+mERch3J9fek++3kfwEUaahh3Dp1XQtiFk=", "last_login": "2021-02-25T12:32:25.120Z", "is_superuser": false, "username": "frank", "first_name": "", "last_name": "", "email": "franky@frnko.com", "is_staff": false, "is_active": true, "date_joined": "2021-02-25T12:31:19.616Z", "groups": [], "user_permissions": []}}, {"model": "sessions.session", "pk": "0e2r0et1zn20o01r59orsn84jjejijw0", "fields": {"session_data": "eyJjYXJ0Ijp7IjMiOjF9fQ:1lDCuG:t1BRfO-fu31PNr5RDut69a9YMlL_MH3d29QXCMI9xow", "expire_date": "2021-03-05T21:01:44.070Z"}}, {"model": "sessions.session", "pk": "1i1qlw9o8z1x1u0hg5wdrk1i73ufmgat", "fields": {"session_data": ".eJxVjDsOgzAQBe-ydWSt4w82ZXrOgJZdO5BEIGGoEHcPSDS0M_PeBkzzAvUGGmq9P6CldenbtaS5HQTqA99YR_xN4ynkQ-N7UjyNyzx06kzUZYtqJkm_19XeDnoq_bHG6J0gEltHlRiHMWs0OUf2nQ2eg3smxhR10Dl4R5Y9myBkURvhWMH-B79XO6I:1lDsxA:1KYCzbLfzbGj4wUHzvYcLDzxi8CXFzo-2dq4ambvGeg", "expire_date": "2021-03-07T17:55:32.944Z"}}, {"model": "sessions.session", "pk": "2fvu9o4p6tcrbpc4v0ewlsed3flalpcg", "fields": {"session_data": "eyJjYXJ0Ijp7IjIiOjJ9fQ:1lDZXz:_R4goJaypqJLoJ_dp5hmCaZJp-z9Gg2KxSW3AaOlV-o", "expire_date": "2021-03-06T21:12:15.341Z"}}, {"model": "sessions.session", "pk": "3fhn2aouqgjtljhbcpswmteqwjbmq0av", "fields": {"session_data": "eyJjYXJ0Ijp7IjIiOjMsIjMiOjF9fQ:1lDCtq:F8rLbUF3QmnQeXoLsEOF-wad4P1YjH7Ni1q5XreOULc", "expire_date": "2021-03-05T21:01:18.237Z"}}, {"model": "sessions.session", "pk": "3v7mycqq9pp6cymkxwcf95zffyavnlw8", "fields": {"session_data": "eyJjYXJ0Ijp7IjIiOjF9fQ:1lDBZh:2EB1_239RP-MUuxB9Q03BilhHzSPe8orGIGjqpaxyfU", "expire_date": "2021-03-05T19:36:25.295Z"}}, {"model": "sessions.session", "pk": "40ahd82yn4g0hv7dymrfx11mel3wz7ci", "fields": {"session_data": ".eJxVjMsOwiAQRf-FdW1AHoUu3fsNZDoMFjVgSms0xn_XJl3o9p5zz4t5WObRL5UmnwLrmWDN7zYAXiivIJwhn0qLJc9TGtpVaTda22MJdD1s7l9ghDp-39wZHTgHVBq6IDV3UXAZo0MzKGvQ6j0hJyesiNZoUGhQ2gCKCxnQdWu0Uq2pZE-PW5qerOcNq3CnXcqxsH6eFnp_AMkWRKU:1lFPMM:ZK6XEJ4ANckBPF7gm8iLc1e4QcE8KLnLk_CwEGUh1J0", "expire_date": "2021-03-11T22:43:50.018Z"}}, {"model": "sessions.session", "pk": "5mj1i2d9moxh64n40gat4q0ihzg8dwig", "fields": {"session_data": ".eJxVjDsOgzAQBe-ydWSt8QebMj1nQMuuHUgikDBUiLsnSDS0b2beDkzLCs0OFTTV8YCOtnXotpKWbhRoQMNt64k_aTqBvGl6zYrnaV3GXp2KumhR7Szp-7zc28FAZfjXGL0TRGLrqBbjMGaNJufIvrfBc3BVYkxRB52Dd2TZswlCFrURjjUcP8C0O6Q:1lDYMi:ugw1YBXKoiVIz08UVjVgSDeOOTecP2car8OEViSL8iU", "expire_date": "2021-03-06T19:56:32.154Z"}}, {"model": "sessions.session", "pk": "60svx8jhwb7ssyfsas1mlidkfe9c8r34", "fields": {"session_data": ".eJxVjMsOwiAQRf-FtSGDPAou3fcbyDADUjU0Ke3K-O_apAvd3nPOfYmI21rj1vMSJxYXocTpd0tIj9x2wHdst1nS3NZlSnJX5EG7HGfOz-vh_h1U7PVbQ3CWAZCMxYG1hVAU6FICuWS8I2_PmSAH5VXxzqIhR9ozGlCaKQzi_QHPcDd2:1lFD63:wjInLNvVuXZ0btSC6XLc_YXQTGCFLwcQ-5ULBAjrobg", "expire_date": "2021-03-11T09:38:11.485Z"}}, {"model": "sessions.session", "pk": "68inlb97n0mwqhdwpqmgkmno728xnc0f", "fields": {"session_data": "eyJjYXJ0Ijp7IjEyIjoxfX0:1lDBLC:TN_vwg3Wdeg3LthBk3v5pD_8ebYKsel1lr6oyyteTAQ", "expire_date": "2021-03-05T19:21:26.177Z"}}, {"model": "sessions.session", "pk": "8y1t0lzkjiac6b7dg3a5483k7dgtcbgo", "fields": {"session_data": "eyJjYXJ0Ijp7IjEiOjF9fQ:1lDyQC:qgLUFoNLKRM1yV_C8OI-jtUfs936yHLBFoqEHVS-mHQ", "expire_date": "2021-03-07T23:45:52.646Z"}}, {"model": "sessions.session", "pk": "92mzzsxh7ocpl9f680unpj6wvj0qbezq", "fields": {"session_data": "eyJjYXJ0Ijp7IjEyIjoxfX0:1lDBMt:WtobBTI1x93aob-JR9TLIFRipZ1e-bHipWtzK7t4Hqo", "expire_date": "2021-03-05T19:23:11.145Z"}}, {"model": "sessions.session", "pk": "9z8cd08wyubj9wdxjwo4wb9uh1965h68", "fields": {"session_data": "eyJjYXJ0Ijp7fX0:1lDDCk:xXTOCNtH4l9iuRmU9laWfFExMqBRshVyuFFqtRWXuXY", "expire_date": "2021-03-05T21:20:50.511Z"}}, {"model": "sessions.session", "pk": "attj1by887f01okkl5zwnctgqrq3wboa", "fields": {"session_data": "eyJjYXJ0Ijp7IjIiOjN9fQ:1lDD6e:Mlxus5JXkUiS_-R30Qn2crC8e6gF2C3Spuw7aQAyetY", "expire_date": "2021-03-05T21:14:32.730Z"}}, {"model": "sessions.session", "pk": "dln8gb2oqwarjz0y7vx6u7v5nm52fi39", "fields": {"session_data": "eyJjYXJ0Ijp7IjEyIjoxfX0:1lDBKq:gddcpuvgb1Wri3YHK_8lGtRcGUjWoM4iZNEvdO44-rU", "expire_date": "2021-03-05T19:21:04.080Z"}}, {"model": "sessions.session", "pk": "dvuqvbyj5f452mmm8btfywybqtbozws0", "fields": {"session_data": "eyJjYXJ0Ijp7IjIiOjF9fQ:1lDCm4:kRXgOk-vGyjHAWvj1nyprgqjAMTGUJsW48BWpzLyUGg", "expire_date": "2021-03-05T20:53:16.731Z"}}, {"model": "sessions.session", "pk": "e3jpsh7dvxnq0ilom51nshu2o8ci322m", "fields": {"session_data": "e30:1lFFjc:FeMcRH3EYfk9awdQHaJ35vgAGaM-5FybfMW9SdDjws0", "expire_date": "2021-03-11T12:27:12.136Z"}}, {"model": "sessions.session", "pk": "enusvw5o8vaswex8cq2kx3l65vzuzusc", "fields": {"session_data": "eyJjYXJ0Ijp7IjIzIjoyfX0:1lDB9L:7cRE-E01lQv-Gn3OGH5rgP0hEK-epyEA0PO80Pm3on4", "expire_date": "2021-03-05T19:09:11.293Z"}}, {"model": "sessions.session", "pk": "g4lhgvtqt6c65r8jomow8ezoyhd5iq3k", "fields": {"session_data": "eyJjYXJ0Ijp7IjM1IjoxfX0:1lDCkE:fbRl8806QE-AcJc2nwuzbkhnFNHyVeImFd9ISQkpEOA", "expire_date": "2021-03-05T20:51:22.733Z"}}, {"model": "sessions.session", "pk": "i9j1bk2ny10ywhr1w9pw6lfrau5y7lmw", "fields": {"session_data": ".eJxVTksOgyAQvcusDYHycWDZfc9gxgGqbaOJ6Mp492Liot29f94OHW3r0G0lLd0YIYCC5lfrid9pOo34ouk5C56ndRl7cUbE5RbxmGP63K_s38BAZaht6Z2NUhIbS23UVvqspM7Zs-sNOkZ7SyyTV6gyOkuGHWuMZKTSkX1bR5mWFcIOGgI29WdQDSAEX3ElDo_jC_BxP0w:1lCr2x:UIYpn-_DG-CE1u84YjsVe8jNRNA0QpQL9kFFzS21PIg", "expire_date": "2021-03-04T21:41:15.558Z"}}, {"model": "sessions.session", "pk": "itytiafhq81o4yn3m1tkei03zoeazxsa", "fields": {"session_data": ".eJxVjMsOgjAQRf-la22m9kHLkr3fQIbpVFDTJhTcGP9dSFjo9p5zz1v0uC5jv1ae-ymKVihx-t0GpAfnHcQ75luRVPIyT4PcFXnQKq8l8rM73L_AiHXc3hCcjQBIxmITtYWQFOiUArnBeEfeXpiAg_IqeWfRkCPtIxpQOlJotmjFF5-nnIpol3nlzxeuez1o:1lF2Og:1IKdtGiewjxdkt2U1VS3rTlG-RM20K2ap3KDRlGWRnM", "expire_date": "2021-03-10T22:12:42.706Z"}}, {"model": "sessions.session", "pk": "jms9vz0t46j9sz3475i4mnnkcxi8sm7w", "fields": {"session_data": ".eJxVjjsOgzAQRO-yNbLW8QfbZfqcAS27diCJQOJTIe4ekCiSdt7M02zQ0Lp0zTrnqekFEmiofrOW-J2HE8iLhueoeByWqW_VWVEXndVjlPy5X90_QUdzd6wxeieIxNZRLcZhLBpNKZF9a4Pn4G6ZMUcddAnekWXPJghZ1EY41oeUaVogbeA8JF0dR9Nt37_Qhzzp:1lF4Qr:ZdwhiuFlF6xrSsdZQKH4TsTCCImn7JYaRNBskB5bEqI", "expire_date": "2021-03-11T00:23:05.291Z"}}, {"model": "sessions.session", "pk": "khdvq1vdh6vdn1h64jezrit8uydmaezn", "fields": {"session_data": "eyJjYXJ0Ijp7IjIiOjF9fQ:1lECLm:HFwCJEhFDuEWMtJbQfDO5thbVwDi9068p0w6HdCFOfE", "expire_date": "2021-03-08T14:38:14.613Z"}}, {"model": "sessions.session", "pk": "khu26rdrtx8hih6jhzgh07zdpaj344gt", "fields": {"session_data": "eyJjYXJ0Ijp7IjIiOjF9fQ:1lDuST:D0X7fFWptY3vf4Iok1f4pZXFFjhWZ6s_DAbpnDC3vj8", "expire_date": "2021-03-07T19:31:57.096Z"}}, {"model": "sessions.session", "pk": "lot08eknwbhu9ttqy0efjy34glneyllk", "fields": {"session_data": "eyJjYXJ0Ijp7IjE1IjoxfX0:1lDszq:zi2M8viCNSWSzfOy-PwvpUIt5tXO7t8hp1Xk56hcwmc", "expire_date": "2021-03-07T17:58:18.216Z"}}, {"model": "sessions.session", "pk": "njz262vzly8sqiww6d4mbze9m2lcdijs", "fields": {"session_data": "eyJjYXJ0Ijp7fX0:1lDDEX:qA1jnIhswEXOqQHDY91PsZDVzIJXs193QTmVMAmLRkg", "expire_date": "2021-03-05T21:22:41.720Z"}}, {"model": "sessions.session", "pk": "ob1tep745jnewpfl3yiq2iqconyutk5b", "fields": {"session_data": "eyJjYXJ0Ijp7IjIiOjJ9fQ:1lDBsH:CtmZcevdP8OR9nTV5swu9LI6YEqslPEeJ6w0GHU-qOA", "expire_date": "2021-03-05T19:55:37.214Z"}}, {"model": "sessions.session", "pk": "onm3jdep3izov2obv5djkfbu544mx3yx", "fields": {"session_data": "eyJjYXJ0Ijp7IjEyIjoxfX0:1lDBM0:1goFod-vuyCu2gOp98Kej5u4qrTV5r4VADNt22kCp8A", "expire_date": "2021-03-05T19:22:16.916Z"}}, {"model": "sessions.session", "pk": "p60e1jobsu9er19ykez9gj702zyqeind", "fields": {"session_data": "eyJjYXJ0Ijp7IjIiOjF9fQ:1lDCsK:s27ESp4Z55Smbz4K1SUAOyRY82gsfrIdKOldUYtp038", "expire_date": "2021-03-05T20:59:44.636Z"}}, {"model": "sessions.session", "pk": "pcygmbuj91oi90iw5pt3bpqvzcti34rg", "fields": {"session_data": "eyJjYXJ0Ijp7IjEiOjF9LCJzYXZlX2luZm8iOmZhbHNlfQ:1lDtH9:j7k40ReisAp5ktzPDDYId8bhtx4wySC4JaER3e50o9g", "expire_date": "2021-03-07T18:16:11.154Z"}}, {"model": "sessions.session", "pk": "q12u345mf924c3bsh88hhvu5ezi5iap3", "fields": {"session_data": ".eJxVjEEOgjAQRe8ya9JMLS1tl-49AxmmRVDTGgqJhnB3JWGh2__efyu0tMxDu5Q4tWMADxKq360jvse0g3CjdM2Cc5qnsRO7Ig5axCWH-Dgf7l9goDJ83-iMDojEtaYmKI2ul6j63rHpamvY6lNkjE5a2VujqWbDygaqUarArtmjJZYy5tTG13Oc3uCxAqZpBr-CAi-37QM6QkLh:1lDwFg:CeHPPWPpQNKF-2vTY-39sihRn79pA_0ZePlUzbJuFJE", "expire_date": "2021-03-07T21:26:52.934Z"}}, {"model": "sessions.session", "pk": "qmb6mivgasavwhd9cxvanudezyxynkv5", "fields": {"session_data": "eyJjYXJ0Ijp7IjIiOjIsIjMiOjF9fQ:1lDBZR:Tw72IXjH6ja8JIWLsPiyY8UnC2O97c9jp3VZgS7sceg", "expire_date": "2021-03-05T19:36:09.771Z"}}, {"model": "sessions.session", "pk": "qvpwefi1sog8pw8aei9thy0jp5qzssf7", "fields": {"session_data": "eyJjYXJ0Ijp7IjIiOjF9fQ:1lDtIr:t8JFKdRfg_hT5zTEvszvRuGlL5btKnOJ6rGMH5udlR0", "expire_date": "2021-03-07T18:17:57.523Z"}}, {"model": "sessions.session", "pk": "rha7fseunbwhribmy9riulob9bdrduvn", "fields": {"session_data": "eyJjYXJ0Ijp7IjEiOjEsIjMiOjF9fQ:1lDzVO:m6v3svbF1FMcvwjhOD5oXE2E-9eudUGgqdLAI_pqIRc", "expire_date": "2021-03-08T00:55:18.654Z"}}, {"model": "sessions.session", "pk": "rsq223pkpb4gvjpkav7yhfq85vv2ykj5", "fields": {"session_data": "eyJjYXJ0Ijp7IjEiOjUsIjIiOjF9fQ:1lDDsL:WB9Pj_PtxzAyUuMfK4wrrmYnbLkduy2DuoZVCTeYMP8", "expire_date": "2021-03-05T22:03:49.711Z"}}, {"model": "sessions.session", "pk": "stbwmscekualivhcmio6huk2lxyadyua", "fields": {"session_data": "eyJjYXJ0Ijp7IjIyIjoxLCIyIjoxfX0:1lDBWH:J2YdBtms7Q2TxD9XNA63f_Y5amgNhYA1UumZeSPp054", "expire_date": "2021-03-05T19:32:53.173Z"}}, {"model": "sessions.session", "pk": "ste51exj4dzw96ybr646ta9oh0yp88o0", "fields": {"session_data": ".eJxVjMsOwiAQRf-FtSGDPApduvcbyHQAixpoSptojP-uTbrQ7T3nnhfzuC6jX1ucfQ6sZ4IdfrcB6RbLBsIVy6VyqmWZ88A3he-08XMN8X7a3b_AiG38vsEZHQCQlMYuSA0uCZApOTKDsoasPkaC6IQVyRqNigxJG1CBkIFct0VbbC3X4uNjyvOT9fD-AG7-PrM:1l8k5i:6R7kMCVHI_dX7WAPW47cbgSBGnMMcAPD-eeIBIQ7qS0", "expire_date": "2021-02-21T13:27:06.176Z"}}, {"model": "sessions.session", "pk": "tiblkl78gp25b7vkp0vffgnf86fvftqw", "fields": {"session_data": "eyJjYXJ0Ijp7IjEiOjF9fQ:1lDtqM:e55_lHT42Ftal406T1QKixOBGosQna3-zsrOJSVz-iA", "expire_date": "2021-03-07T18:52:34.363Z"}}, {"model": "sessions.session", "pk": "ts8hap1tw74mnujuv1exn6yxnbmt4gf4", "fields": {"session_data": "e30:1lFFIA:6C3vZAURPd3XG82SvVgYpt412YXWVIve_aN-5hLwbjQ", "expire_date": "2021-03-11T11:58:50.225Z"}}, {"model": "sessions.session", "pk": "tsf7zxoastlavp0hih8xsliao4o9ao1w", "fields": {"session_data": ".eJxVjDsOgzAQBe-ydWSt8QebMj1nQMuuHUgikDBUiLsnSDS0b2beDkzLCs0OlYFGm-MBHW3r0G0lLd0o0ICG29YTf9J0AnnT9JoVz9O6jL06FXXRotpZ0vd5ubeDgcrwrzF6J4jE1lEtxmHMGk3OkX1vg-fgqsSYog46B-_IsmcThCxqIxxrOH4NQzwJ:1lDB8I:JUf560IqKV3TTcBYGtyBQ7OgNRt8ClyN-LXFq_ZbpXI", "expire_date": "2021-03-05T19:08:06.584Z"}}, {"model": "sessions.session", "pk": "v6s775kl7kfox8v7emgi5exu3hpgpboj", "fields": {"session_data": "eyJjYXJ0Ijp7IjIiOjIsIjMiOjEsIjEiOjF9fQ:1lDBsl:Bvgsl4izCtv43fN0QnXxQoH9i-dapOKd9XDtXyEPD0g", "expire_date": "2021-03-05T19:56:07.359Z"}}, {"model": "sessions.session", "pk": "vfoalxmoihj8p0161zcupyqfy7pddndz", "fields": {"session_data": "e30:1lDDMJ:K80hPuOGVg2cOEScBQ2j_uQvzGe-WtL6JAVezwkbjLU", "expire_date": "2021-03-05T21:30:43.935Z"}}, {"model": "sessions.session", "pk": "vn1496yg2htv9kmmk0u6twgoo2b1f8kl", "fields": {"session_data": ".eJxVj0FvgzAMhf8K8jlDCSEUOO6-046lQsZxCi0jE0kmTVX_-1Kpk7ajv_f8_HyDEVOcxxR4HxcLPSgQf9mEdOXtIdgLbmdfkt_ivkzlw1I-1VC-ecvr69P7L2DGMOdt2TXGSolUGzxYbWTnlNTOddRMddtQayomyZ1qlWsbgzU1pFuLtVTaUnfIoQG_-GXZnIc-7okFEO4R-htU0FcCNPRagDF5uOcGHxwCnjnk28fjAON4CX77pQMIKSojBnhPRJm5tK7fRf6BI9tCFZ-7t4liOcDpBPcfgThebA:1lF0qC:QNoG-Z_bcF97gjFfLPEbgLzJ3-80kR6cGAzRskiSUKQ", "expire_date": "2021-03-10T20:33:00.325Z"}}, {"model": "sessions.session", "pk": "xz2tf1c79k4251ybdc7fafog3wjnpw5p", "fields": {"session_data": "eyJjYXJ0Ijp7IjIiOjF9fQ:1lDBpa:z72JY6JTg9kQgjfC_AznipEa65ClGdLSnQodaeYY8ok", "expire_date": "2021-03-05T19:52:50.967Z"}}, {"model": "sessions.session", "pk": "ybcst747zyzk5z5kb7w6uk3w4674ww1v", "fields": {"session_data": "eyJjYXJ0Ijp7IjM1IjoxfX0:1lDCl0:xa-PPLSM7b9l0i8xI_B-7Fn1lN_X8o7KvtTp9YsmzEE", "expire_date": "2021-03-05T20:52:10.280Z"}}, {"model": "sessions.session", "pk": "zhfpuw9mnlp74pt18t05geyyn7v5wvxq", "fields": {"session_data": "eyJjYXJ0Ijp7IjIiOjN9fQ:1lDD7L:TYBsQ8GJ1rcrwXIcAPe30erK4Rx5FMvWZ7zRDOa4reA", "expire_date": "2021-03-05T21:15:15.696Z"}}, {"model": "sessions.session", "pk": "zme0vnop2kk75g0wxqqq2t7e5bkkdhvo", "fields": {"session_data": "eyJjYXJ0Ijp7IjIzIjoyfX0:1lDBJm:0WFne6a3ViueZmA6x9QTrYUOH0gotALpGIhyLYzUzPQ", "expire_date": "2021-03-05T19:19:58.814Z"}}, {"model": "sites.site", "pk": 1, "fields": {"domain": "brightideas.example.com", "name": "Bright Ideas"}}, {"model": "account.emailaddress", "pk": 1, "fields": {"user": 1, "email": "dexter08@email.com", "verified": true, "primary": true}}, {"model": "account.emailaddress", "pk": 2, "fields": {"user": 2, "email": "bob@bby.com", "verified": true, "primary": true}}, {"model": "account.emailaddress", "pk": 4, "fields": {"user": 4, "email": "franky@frnko.com", "verified": true, "primary": true}}, {"model": "products.category", "pk": 1, "fields": {"name": "dining_room_lighting", "friendly_name": "Dining Room Lighting"}}, {"model": "products.category", "pk": 2, "fields": {"name": "kitchen_lighting", "friendly_name": "Kitchen Lighting"}}, {"model": "products.category", "pk": 3, "fields": {"name": "bedroom_lighting", "friendly_name": "Bedroom Lighting"}}, {"model": "products.category", "pk": 5, "fields": {"name": "floor_lamp", "friendly_name": "Floor Lamp"}}, {"model": "products.category", "pk": 6, "fields": {"name": "table_lamp", "friendly_name": "Table Lamp"}}, {"model": "products.category", "pk": 7, "fields": {"name": "outdoor_wall_light", "friendly_name": "Outdoor Wall Light"}}, {"model": "products.category", "pk": 8, "fields": {"name": "outdoor_ceiling_light", "friendly_name": "Outdoor Ceiling Light"}}, {"model": "products.category", "pk": 9, "fields": {"name": "outdoor_recessed_lighting", "friendly_name": "Outdoor Ground Spotlight"}}, {"model": "products.category", "pk": 10, "fields": {"name": "solar_lighting", "friendly_name": "Solar Light"}}, {"model": "products.category", "pk": 11, "fields": {"name": "outdoor_sensor_lighting", "friendly_name": "Outdoor Sensor Lighting"}}, {"model": "products.category", "pk": 12, "fields": {"name": "led_bulb", "friendly_name": "LED Bulb"}}, {"model": "products.category", "pk": 13, "fields": {"name": "halogen_bulb", "friendly_name": "Halogen Bulb"}}, {"model": "products.category", "pk": 14, "fields": {"name": "bathroom_lighting", "friendly_name": "Bathroom Lighting"}}, {"model": "products.product", "pk": 1, "fields": {"category": 1, "sku": "9624691", "name": "Lindby Sofian hanging lamp, three-bulb, smoky grey", "description": "Three-bulb Sofian hanging lamp with a spherical smoked glass lampshade\r\n\r\nSofian is the perfect hanging light for the dining room as it is designed in a three-bulb, long shape and can thus provide extensive illumination of a table. Each of the three lampshades is almost spherical in shape and is made of glass, producing a very stylish look that can be combined with modern interiors. The surface of the lampshades is an attractive, slightly glossy smoky grey colour, which not only has a positive effect on the appearance of the hanging light, but also gives the light an extravagant touch and harmoniously underlines an atmospheric ambience.", "price": "134.90", "rating": "4.40", "image_url": "https://lw-cdn.com/images/F7ABFB9E8899/k_741b1f19d595a1715f5d57cb21beaf7b;w_472;h_472;q_70/lindby-sofian-hanging-lamp-three-bulb-smoky-grey.webp", "image": "0000001.jpg", "ip_rating": "IP20", "bulb_type": "E27", "is_dimmable": true, "is_clearance": true, "is_multipack": false}}, {"model": "products.product", "pk": 2, "fields": {"category": 1, "sku": "1573050", "name": "Karou hanging light, 5-bulb, stained grey", "description": "Attractive and imposing: Karou hanging light with three lampshades in a cage look\r\n\r\nThe Karou hanging light impresses with the slim lampshades made of stainless steel. The three lampshades in the hip cage look come in a subtle black and can be fitted with E27 bulbs. The bulbs are available separately. The striking Karou hanging light is 180 x 730 x 1,500 millimetres in size and is ideal for medium to large-sized rooms.\r\n\r\nYou can enhance a living room or dining room in the industrial or country style with the original Karou hanging light. This light source also looks great with a wide range of modern interiors.", "price": "134.95", "rating": "4.80", "image_url": "https://lw-cdn.com/images/453DB3AAD478/k_bf50a09ad82a3ede2039390dd1413d46;w_472;h_472;q_70/karou-hanging-light-5-bulb-stained-grey.webp", "image": "0000002.jpg", "ip_rating": "IP20", "bulb_type": "E27", "is_dimmable": true, "is_clearance": false, "is_multipack": false}}, {"model": "products.product", "pk": 3, "fields": {"category": 1, "sku": "1573050", "name": "ELC Kalean LED ceiling spotlight, nickel, 4-bulb", "description": "Kalean four-bulb LED ceiling spotlight in nickel with GU10 bulbs\r\n\r\nKalean is perfect for a kitchen or a hall and provides a bright light in an appropriate way. Thanks to the LED technology, only a small amount of power is consumed when the ceiling spotlight is used. Therefore we can claim a good energy efficiency, which is very much in the spirit of a modern mindset. The silvery nickel finish underlines the modern overall effect of the four-bulb spotlight for installation on the ceiling. Each spotlight can be rotated and pivoted. This gives you enough suitable options for lighting that is adjusted to the situation.", "price": "24.90", "rating": "4.00", "image_url": "https://lw-cdn.com/images/E3BC574482BD/k_eed82a1119e9a219907785c9cabbc128;w_472;h_472;q_70/elc-kalean-led-ceiling-spotlight-nickel-4-bulb.webp", "image": "0000003.jpg", "ip_rating": "IP20", "bulb_type": "GU10", "is_dimmable": false, "is_clearance": true, "is_multipack": false}}, {"model": "products.product", "pk": 4, "fields": {"category": 2, "sku": "9624278", "name": "Linear pendant light Cintia with wood, 6-bulb", "description": "Innovative Cintia beam pendant light with six lamp heads\r\n\r\nA dark, striking design shapes the look of the Cintia beam pendant light. The materials used include pine wood, steel and metal. A small, matt black wooden beam sits on the ceiling. Two cable-like struts run down from this beam at an angle and support a wide wooden beam. The cables are visibly randomly wound around this dark pine wood beam. They then hang down at different lengths and carry the six lamp heads. The sockets are also black and complete the colour scheme. The result is effective, bright lighting, so that the Cintia pendant light can be used in dark, rustic interiors with great results.", "price": "103.90", "rating": "4.30", "image_url": "https://lw-cdn.com/images/2C7B6303EB37/k_802a91e5211eb6f3bd2235638f97b767;w_472;h_472;q_70/linear-pendant-light-cintia-with-wood-6-bulb.webp", "image": "0000007.jpg", "ip_rating": "IP20", "bulb_type": "E27", "is_dimmable": true, "is_clearance": true, "is_multipack": false}}, {"model": "products.product", "pk": 5, "fields": {"category": 2, "sku": "4549104", "name": "Midway pendant light in black/copper 4-bulb round", "description": "Midway pendant light in black/copper 4-bulb round\r\n\r\nMidway is fitted with GU10 LED bulbs, which are energy-saving and also shine at various levels of brightness - all you need is an external dimmer switch. The LED ceiling lamp combines an industrial style with an antique appearance. The industrial charm is largely owed to the mesh covers; whilst the rust finish is not just deceptively real, it also sparks a feeling of nostalgia in the onlooker, as you are led to believe that the light dates back several decades.\r\n.", "price": "123.90", "rating": "3.90", "image_url": "https://lw-cdn.com/images/799851B03A9D/k_6300b6cb25daad1425e4a135b34b3b87;w_472;h_472;q_70/midway-pendant-light-in-black-copper-4-bulb-round.webp", "image": "0000008.jpg", "ip_rating": "IP20", "bulb_type": "GU10", "is_dimmable": false, "is_clearance": false, "is_multipack": false}}, {"model": "products.product", "pk": 6, "fields": {"category": 2, "sku": "9624257", "name": "Hanging light Emily in black, three-bulb", "description": "Frame-shaped Emily pendant light in open, box-shaped design\r\n\r\nThe Emily pendant light has a rectangular metal lampshade, which actually consists of a box-shaped frame. This creates the impression of a lampshade, although the open design provides a clear view of the three light bulbs. As such, the bulbs have a clear presence and form a visual component of the light. They should be chosen with care - so-called rustic bulbs, which now feature LED technology, have a nostalgic look and enhance the light.\r\n\r\nThe pendant lamp also embodies the ever-popular cage look, which impresses with its retro charm.", "price": "98.90", "rating": "4.20", "image_url": "https://lw-cdn.com/images/377AF165C921/k_188c2b33f016c8bdbc39d1e002e871ef;w_472;h_472;q_70/hanging-light-emily-in-black-three-bulb.webp", "image": "0000009.jpg", "ip_rating": "IP20", "bulb_type": "E27", "is_dimmable": true, "is_clearance": true, "is_multipack": false}}, {"model": "products.product", "pk": 7, "fields": {"category": 3, "sku": "9620780", "name": "Ticino - LED ceiling lamp, 3 bulbs", "description": "3-bulb LED ceiling lamp Ticino in an impressive design\r\n\r\nTicino is equipped with LED lamps which have a G9 base. This means not only that you get energy-saving light when you turn the ceiling lamp on, but also that it can be put into operation soon after installation because the light bulbs are included. Visually, Ticino produces a very modern impression, but also has a playful, dynamic look. This is not least caused by the metal bars being so artistically intertwined. In addition, the metal mesh spheres create a stylish appearance and result in an even light with a cosy character.", "price": "46.90", "rating": "4.00", "image_url": "https://lw-cdn.com/images/8556B6BF97B0/k_5c1bbe0f876cc1857b01a9df29b1290e;w_472;h_472;q_70/ticino-led-ceiling-lamp-3-bulbs.webp", "image": "0000013.jpg", "ip_rating": "IP20", "bulb_type": "G9", "is_dimmable": false, "is_clearance": true, "is_multipack": false}}, {"model": "products.product", "pk": 8, "fields": {"category": 3, "sku": "9624200", "name": "Ceiling lamp Umma, semi-flush, grey", "description": "Slightly suspended Umma ceiling lamp with round fabric lampshade and impressive lasercut pattern\r\n\r\nUmma looks great with modern interiors and has a relatively simple appearance thanks to its cylindrical shape. The fabric lampshade comes in white and features a stylish, lasercut perforated pattern. This looks great when the ceiling light is switched off, but looks especially atmospheric when the E14 light sources are switched on. Then the lighting looks like a small starry sky. And who doesn’t want to enjoy that effect within their own four walls?\r\n\r\nThe bottom of the ceiling light features a white fabric diffuser to produce evenly distributed lighting with a very homely effect. Meanwhile, the grey fabric design has a trendy look and can be ideally combined with different colours, including bright and bold shades.", "price": "77.90", "rating": "4.10", "image_url": "https://lw-cdn.com/images/F22AB5311F81/k_2507a10d214c36dab9bb90eae1efd84a;w_472;h_472;q_70/ceiling-lamp-umma-semi-flush-grey.webp", "image": "0000014.jpg", "ip_rating": "IP20", "bulb_type": "E27", "is_dimmable": true, "is_clearance": false, "is_multipack": false}}, {"model": "products.product", "pk": 9, "fields": {"category": 3, "sku": "9620169", "name": "Pikka LED ceiling light with a white lampshade", "description": "Beautiful Pikka fabric ceiling light in white\r\n\r\nThe Pikka fabric ceiling light is operated by E27 LED lamps that are included in the product and keep power consumption at a low level. This is why the fabric ceiling light’s lampshade, installed onto the ceiling with a gap, looks so elegant, since it is precisely composed of two lampshades that have been effectively combined into one. The outer lampshade is transparent and made of organza fabric; the interior is made of firmer fabric. A white glass panel is fixed to the bottom of the inner lampshade, which distributes the light softly to give the room a homely feel.", "price": "134.90", "rating": "4.50", "image_url": "https://lw-cdn.com/images/8DF56DE44AFC/k_33e68bc916143f457c942a18f1a51e77;w_472;h_472;q_70/pikka-led-ceiling-light-with-a-white-lampshade.webp", "image": "0000016.jpg", "ip_rating": "IP2", "bulb_type": "E27", "is_dimmable": false, "is_clearance": false, "is_multipack": false}}, {"model": "products.product", "pk": 10, "fields": {"category": 14, "sku": "9978092", "name": "Marlo LED ceiling lamp white 3000 K round 25.2 cm", "description": "Marlo bathroom ceiling light with warm white LEDs\r\n\r\nSimple in its design, but impressive in its performance, the modern Marlo ceiling light has a timeless, round frame and contains energy-efficient LED technology that reliably lights up the surrounding area with a pleasant, warm white light. The ceiling lamp lights up the room uniformly and evenly. Whether it is installed in the bathroom or in other moisture-prone rooms, Marlo is a useful light source for both the private sphere and the commercial sector.", "price": "34.90", "rating": "4.30", "image_url": "https://lw-cdn.com/images/E91AF4FDC6E9/k_97a75f26b9851e99181ca0bd7ce6d07c;w_472;h_472;q_70/marlo-led-ceiling-lamp-white-3000-k-round-25-2-cm.webp", "image": "0000019.jpg", "ip_rating": "IP44", "bulb_type": null, "is_dimmable": false, "is_clearance": true, "is_multipack": false}}, {"model": "products.product", "pk": 11, "fields": {"category": 14, "sku": "9620632", "name": "Lindby Flavi bathroom ceiling lamp, Ø 23 cm nickel", "description": "Round Flavi bathroom ceiling lamp with a satin nickel surround\r\n\r\nThis ceiling lamp has the IP code IP44, which is why it is intended for use in the bathroom. The lampshade is made of white glass that is surrounded by a metal ring with a satin nickel finish. The choice of bulb is at the consumer's discretion, as there are a number of different bulbs available for the E27 sockets.", "price": "36.90", "rating": "4.30", "image_url": "https://lw-cdn.com/images/38866113E42E/k_be98d35641dd74130f974e8aa9b2bdf2;w_472;h_472;q_70/lindby-flavi-bathroom-ceiling-lamp-o-23-cm-nickel.webp", "image": "0000021.jpg", "ip_rating": "IP4", "bulb_type": "E27", "is_dimmable": true, "is_clearance": false, "is_multipack": false}}, {"model": "products.product", "pk": 12, "fields": {"category": 14, "sku": "9620135", "name": "Extravagant Lisandra LED ceiling light", "description": "isandra LED ceiling light with glimmering crystal glass elements, can also be installed in bathrooms\r\n\r\nThe Lisandra LED ceiling light has a metal ceiling mount with a modern, glossy chrome surface. The light’s lampshade is made of partly-satinised glass with clear edges on the inside and on the outside. A gap between the mount and the glass plate is created thanks to four metal spacers. The hanging crystal elements, which reach through the middle of the lampshade, are visible in this area. The light is refracted by the teardrop crystal elements, thereby creating sparkling effects.\r\n\r\nThe integrated LED lamps have a warm white colour and are highly energy efficient as they achieve a luminous efficiency of 95 lumens per watt. They also stand out thanks to their exceptionally long lifetime, which, in this case, is 20,000 hours.\r\n\r\nThis Lisandra ceiling light is especially interesting for those who desire sophisticated and elegant lighting for the bathroom, as Lisandra can be used here without any concerns due to its IP rating of IP44, which gives it sufficient protection against dirt and water.", "price": "186.90", "rating": "4.80", "image_url": "https://lw-cdn.com/images/244F574D74A7/k_9938846b8c6c86e073dfc3bea98832d9;w_1600;h_1600;q_70/extravagant-lisandra-led-ceiling-light.jpg", "image": "0000020.jpg", "ip_rating": "IP44", "bulb_type": "GU5.3", "is_dimmable": false, "is_clearance": false, "is_multipack": false}}, {"model": "products.product", "pk": 13, "fields": {"category": 5, "sku": "4002684", "name": "Dimmable LED floor lamp Lilian, chintz lampshade", "description": "Stylish LED floor lamp Lilian with a chintz lampshade, dimmable\r\n\r\nThe LED floor lamp with its white chintz lampshade is energy-efficient, stylish and practical at the same time. The classic light is very easy to operate, not only by means of the pull switch, but also using the foot dimmer. The flexible alignment of the white lampshade is another highlight. The successful combination of matt and polished brass also makes the light into a real eye-catcher. The floor lamp Lilian attracts just as much attention in a tasteful reading corner as in the living room, the hall or the bedroom. The modern, puristic light can also be operated in an energy-efficient way and still emits a pleasant, cosy light. Due to its classic elegance, the floor lamp skilfully enhances the interior design concept. After all, it fits discreetly into a wide variety of interior design styles.", "price": "758.90", "rating": "4.00", "image_url": "https://lw-cdn.com/images/310A1681565C/k_846d783e07a702830063d4859681c099;w_472;h_472;q_70/dimmable-led-floor-lamp-lilian-chintz-lampshade.webp", "image": "0000025.jpg", "ip_rating": "IP20", "bulb_type": "E27", "is_dimmable": true, "is_clearance": false, "is_multipack": false}}, {"model": "products.product", "pk": 14, "fields": {"category": 5, "sku": "6728007", "name": "Cream Natalia floor lamp, printing on the inside", "description": "Extraordinary floor lamp Natalia with a velvet textile lampshade\r\n\r\nThe unique retro charm of Natalia's high-quality floor lamp is only visible at second glance. After all, the cream-coloured velvet lampshade hides a sweet mystery. The interior print of the Natalia light reveals a striking retro pattern in green, brown, and orange, reminiscent of abstract flowers. The wooden tripod, which gives the floor lamp a safe stand with that special something, also fits harmoniously into the overall concept of this light. A transparent cable and foot switch allow you to operate the lamp easily and is an eye-catcher next to the sofa in the living room as well as a cosy light in a reading corner.", "price": "155.90", "rating": "4.50", "image_url": "https://lw-cdn.com/images/EB2298332188/k_efb7d10b65fd20279b2e48776177cff0;w_472;h_472;q_70/cream-natalia-floor-lamp-printing-on-the-inside.webp", "image": "0000026.jpg", "ip_rating": "IP20", "bulb_type": "E27", "is_dimmable": false, "is_clearance": false, "is_multipack": false}}, {"model": "products.product", "pk": 15, "fields": {"category": 5, "sku": "6055531", "name": "Ruben floor lamp, black, three-bulb", "description": "Three-bulb Ruben floor lamp\r\n\r\nThe floor lamp comes with three E27 sockets that are surrounded by a black metal frame. They are mounted on three rods of different lengths, which end in gold-coloured brass detail at the top. The rods are attached side by side to the central strut of the metal frame.\r\n\r\nThe floor lamp is a real eye-catcher. It instantly attracts attention and is completely extraordinary from a purely visual point of view. In spite of the simple design, the arrangement of the light bulbs alone provides a playful touch. It is a feel-good light - the bulbs appear to sprout from the base like flowers and bring light to the dark.\r\n\r\nDepending on the choice of light bulb (a warm white LED filament bulb is recommended), the floor lamp emits a lot of light and lights up the room with a cosy light.\r\n\r\nA switch on the cable allows you to turn the floor lamp on and off without any problems.", "price": "134.90", "rating": "4.60", "image_url": "https://lw-cdn.com/images/D1273D533E64/k_bf64a0bd53674e406347b81d386566a7;w_472;h_472;q_70/ruben-floor-lamp-black-three-bulb.webp", "image": "0000027.jpg", "ip_rating": "IP20", "bulb_type": "E27", "is_dimmable": false, "is_clearance": true, "is_multipack": false}}, {"model": "products.product", "pk": 16, "fields": {"category": 6, "sku": "9608001", "name": "Rock salt lamp emits wellness light 3 kg", "description": "Pleasant salt lamp with a soothing glow\r\n\r\nThis crystal salt stone is unique in shape and size because it is a handmade natural product. It fits in anywhere as a decorative piece and its warm orange tone ensures a pleasant atmosphere. The light’s wooden base emphasises its natural look. The Rock salt lamp is available in various product versions. This lamp provides the right lighting for every room and every taste.", "price": "19.90", "rating": "4.00", "image_url": "https://lw-cdn.com/images/500E68843556/k_1980bdf36d25021161db1928c508ddeb;w_472;h_472;q_70/rock-salt-lamp-emits-wellness-light-3-kg.webp", "image": "0000031.jpg", "ip_rating": "IP20", "bulb_type": "E14", "is_dimmable": false, "is_clearance": true, "is_multipack": false}}, {"model": "products.product", "pk": 17, "fields": {"category": 6, "sku": "9624026", "name": "Fabric table lamp Benjiro with an LED reading lamp", "description": "Round fabric table lamp Benjiro with an additional flexible reading arm\r\n\r\nThe round, white fabric lampshade on Benjiro provides lovely, comfortable lighting, which is perfect for cosy accent lighting in the evenings. Scattered lighting is no use for reading however, when you require more targeted lighting - as such, the fabric table lamp Benjiro also features an illuminating LED flexible arm, which can be rotated in any direction. Thus, you can get comfortable on the sofa and simply switch on the reading light when you want to read.\r\n\r\nThe two light sources can be switched on and off separately from one another and the switches are located near the bulb socket so that they are easily accessible.", "price": "88.90", "rating": "4.50", "image_url": "https://lw-cdn.com/images/0573155960DA/k_7ca6f9b205d5c1ddb65a381d05fff577;w_472;h_472;q_70/fabric-table-lamp-benjiro-with-an-led-reading-lamp.webp", "image": "0000032.jpg", "ip_rating": "IP20", "bulb_type": "E27", "is_dimmable": false, "is_clearance": false, "is_multipack": false}}, {"model": "products.product", "pk": 18, "fields": {"category": 6, "sku": "1523939", "name": "Lette LED table lamp with timer, battery-powered", "description": "Battery-powered LED table lamp Lette with integrated timer\r\n\r\nThe LED table lamp Lette is made of plastic and has an opal white colour. The lampshade is cylindrical and stands on a round base. From the base a handle leads in an arc around the lamp, which makes transport easier, because the lamp is not bound to any power source and can be taken everywhere flexibly. This is guaranteed by batteries, which are available separately. The integrated timer can be individually programmed and automatically switches the lamp on and off at the same time. Lette is ideal for decorative lighting or for accent lighting during cosy hours. The diffuse, warm white light emitted by it is gently distributed throughout the room, creating a cosy ambience.", "price": "13.90", "rating": "4.40", "image_url": "https://lw-cdn.com/images/4B424E5BA4FD/k_c97381725a654adf694d16d9e682cfa5;w_472;h_472;q_70/lette-led-table-lamp-with-timer-battery-powered.webp", "image": "0000033.jpg", "ip_rating": "IP20", "bulb_type": null, "is_dimmable": false, "is_clearance": false, "is_multipack": false}}, {"model": "products.product", "pk": 19, "fields": {"category": 8, "sku": "9619201", "name": "Lucande Ferda ceiling light for outdoors", "description": "Ferda ceiling light for outdoors\r\n\r\nSheltered outdoor areas, such as terraces or verandas, are suitable for the modern Ferda ceiling light. It emits a bright light from above and reliably illuminates the surrounding area. The bulb is protected from external weather conditions by a transparent glass cylinder. The body is made of robust aluminium, which makes the Ferda ceiling light versatile.", "price": "88.90", "rating": "4.70", "image_url": "https://lw-cdn.com/images/EDD04AC91E84/k_4dafa85b889c23f377b383d896358043;w_472;h_472;q_70/lucande-ferda-ceiling-light-for-outdoors.webp", "image": "0000043.jpg", "ip_rating": "IP44", "bulb_type": "E27", "is_dimmable": true, "is_clearance": true, "is_multipack": false}}, {"model": "products.product", "pk": 20, "fields": {"category": 8, "sku": "9949020", "name": "Naira LED outdoor ceiling lamp, grey, with sensor", "description": "Grey Naira LED ceiling light with a white diffuser, seawater-resistant, IP65\r\n\r\nNaira can be used anywhere outdoors and is also suitable for installation on the wall. The round design with the dark grey finish has a discreet and timeless appearance. The IP code IP65 promises a high level of protection for use outdoors, which means that it is easy to use the light for canopied building entrances or for terraces and balconies with an overhang. Feed-through wiring to other lights is possible. The body is robust and is made of plastic. It impresses with its seawater resistance, which means that the light can even be installed near salty bodies of water. A high impact resistance (IK06) is also guaranteed, which implies that the light is very robust - this is also a significant advantage outdoors.\r\n\r\nMotion sensor data:\r\n\r\n- Range 12 m/6 m\r\n\r\n- Adjustable lighting duration: 5 s/90 s/5 mins/15 mins)\r\n\r\n- Maximum installation height 6 m\r\n\r\n- Detection angle 30°/150°", "price": "62.90", "rating": "3.70", "image_url": "https://lw-cdn.com/images/739A38585987/k_ff401a2d168f9709b520bcde6ed97702;w_472;h_472;q_70/naira-led-outdoor-ceiling-lamp-grey-with-sensor.webp", "image": "0000044.jpg", "ip_rating": "IP65", "bulb_type": null, "is_dimmable": false, "is_clearance": false, "is_multipack": false}}, {"model": "products.product", "pk": 21, "fields": {"category": 8, "sku": "3000606", "name": "Melzo practical LED outdoor wall light", "description": "The Melzo outdoor LED light – for wall or ceiling\r\n\r\nThe practical LED outdoor wall light Melzo can be installed outside as either a wall or ceiling light. Its modern and variable design also means it can be placed at ground level. The versatility of the light makes it a real all-rounder for outdoors. It provides sufficient light at any moment with its energy-saving and efficient LEDs, which illuminate the surrounding area glare-free with their warm white light.", "price": "66.90", "rating": "4.30", "image_url": "https://lw-cdn.com/images/104013C004E0/k_7270faf08315119b8c632fa19461302a;w_472;h_472;q_70/melzo-practical-led-outdoor-wall-light.webp", "image": "0000045.jpg", "ip_rating": "IP44", "bulb_type": "E27", "is_dimmable": false, "is_clearance": false, "is_multipack": false}}, {"model": "products.product", "pk": 22, "fields": {"category": 7, "sku": "7531955", "name": "Buzzard myGarden - black outdoor wall lamp", "description": "Outdoor wall lamp Buzzard myGarden in the vintage style\r\n\r\nThe outdoor wall lamp Buzzard myGarden from Philips is a decorative light source for the fantastic illumination of the entrance, terrace etc. Made from matt black painted aluminium, it was designed in the shape of a lantern which hangs on a looped metal element on the wall mount. No light is swallowed by the clear glass lampshade, with the result that the light bulb used - either a traditional light bulb or an LED bulb - can emit its light unhindered in all directions. The use of an LED bulb in filament technology, which is not only very energy-efficient, but also extremely durable and also decorative and is shown to particular advantage in the clear lampshade, is particularly recommended.", "price": "36.90", "rating": "4.00", "image_url": "https://lw-cdn.com/images/9C8026F7D368/k_8adedfcef328293921ac20a7c41b93c5;w_472;h_472;q_70/buzzard-mygarden-black-outdoor-wall-lamp.webp", "image": "0000037.jpg", "ip_rating": "IP44", "bulb_type": "E27", "is_dimmable": false, "is_clearance": false, "is_multipack": false}}, {"model": "products.product", "pk": 23, "fields": {"category": 7, "sku": "9949022", "name": "Abby LED outdoor wall light without sensor", "description": "Seawater-resistant Abby LED outdoor wall lamp with a dark grey finish, IP65\r\n\r\nThe Abby LED outdoor wall light is arranged at an incline and emits its light downwards. Thanks to the LED technology, the light output is high even though energy consumption is low. The body is robust and well sealed and can be used outdoors without any problems. Abby is also seawater-resistant and can even withstand the harsher climate near the sea, which means that you can enjoy this dark grey outdoor lamp for a long time.\r\n\r\n- Impact resistance IK06", "price": "72.90", "rating": "4.20", "image_url": "https://lw-cdn.com/images/2ABDA8DE47DC/k_bcf9d109605cc79eb381fc52e3a8bdbe;w_472;h_472;q_70/abby-led-outdoor-wall-light-without-sensor.webp", "image": "0000038.jpg", "ip_rating": "IP65", "bulb_type": null, "is_dimmable": false, "is_clearance": true, "is_multipack": false}}, {"model": "products.product", "pk": 24, "fields": {"category": 7, "sku": "1507133", "name": "Artu outdoor wall light with an antique look", "description": "Artu outdoor wall light: The large glass lampshade provides bright light\r\n\r\nLike a relic from the past, the Artu outdoor wall light exudes antique flair in both its design and colour. It can be used to illuminate properties designed in the antique or maritime style. The hemispherical clear glass body provides brilliant bright light. The white gold colour of the metal underlines its antique look. Light bulb: 1 x 60 W max. E27. The light bulb is not included.", "price": "34.90", "rating": "4.20", "image_url": "https://lw-cdn.com/images/8FF90FB1EA36/k_018367a2da868be55c7b696df0a7cde4;w_472;h_472;q_70/artu-outdoor-wall-light-with-an-antique-look.webp", "image": "0000039.jpg", "ip_rating": "IP44", "bulb_type": "E27", "is_dimmable": false, "is_clearance": false, "is_multipack": false}}, {"model": "products.product", "pk": 25, "fields": {"category": 9, "sku": "3538101", "name": "Deck light Ceci 160-3L 10W in grey", "description": "Deck light Ceci 160-3L in grey with a replaceable LED bulb\r\n\r\nThe LED deck light is suitable for a variety of lighting purposes throughout the outdoor area. The warm white light of the LED bulb used shines through its three integrated light outlets and gently lights up the immediate vicinity.  \r\n\r\nCeci is made of synthetic resin in a robust, seawater-resistant design and can be traversed without any problems. The optimal light source for all areas on the property which are driven on.\r\n\r\n- Made in Italy\r\n\r\n- UV-resistant\r\n\r\n- Impact-resistant\r\n\r\n- Recyclable", "price": "83.90", "rating": "4.40", "image_url": "https://lw-cdn.com/images/DFAB2E69DD15/k_6e11963e51103fc1dd04ae04ea6f6a70;w_472;h_472;q_70/deck-light-ceci-160-3l-10w-in-grey.webp", "image": "0000046.jpg", "ip_rating": "IP67", "bulb_type": "GX53", "is_dimmable": false, "is_clearance": true, "is_multipack": false}}, {"model": "products.product", "pk": 26, "fields": {"category": 9, "sku": "7601523", "name": "Paulmann LED solar recessed floor light Aron", "description": "Durable LED solar deck light Aron with motion sensor The Aron recessed floor light from Paulmann offers practical orientation lighting for outdoor areas, which is completely independent of an external power supply or switching device. The angular, flat light can be installed flush with the paving. The housing with stainless steel frames and a plastic cover effectively protects the internal technology from water and mechanical loads up to 500 kg. The soft orientation light is activated by the integrated twilight sensor when daylight is waning. The motion detector detects approaching persons or vehicles at a distance of up to 1 m and provides the full LED functional light for 10 s when the \"MODE\" circuit is activated. The solar cells charge the 3.7 V 18650 battery for 8 hours during the day. The battery supplies Aron with energy for up to 12 hours.", "price": "57.90", "rating": "3.70", "image_url": "https://lw-cdn.com/images/1270E9FE7301/k_59e4265de8aa3babb9e84279fe78d66e;w_472;h_472;q_70/paulmann-led-solar-recessed-light-aron-10x10cm.webp", "image": "0000047.jpg", "ip_rating": "IP67", "bulb_type": null, "is_dimmable": false, "is_clearance": false, "is_multipack": false}}, {"model": "products.product", "pk": 27, "fields": {"category": 9, "sku": "3505423", "name": "Suria-24 - round LED deck light, 24°", "description": "Robust Suria-24 LED deck light\r\n\r\nThe Suria-24 LED deck light is used to light up outdoor areas with a pleasantly warm white and particularly bright light. The light outlet ensures that the 24 W LED technology emits light at an angle of 24°. Due to its load bearing capacity of up to 1,000 kg, the deck light is perfect for driveways.", "price": "279.90", "rating": "4.80", "image_url": "https://lw-cdn.com/images/CFE270C0C5BA/k_dba409149e68ddd4e5522ffea51f6a2e;w_472;h_472;q_70/suria-24-round-led-deck-light-24.webp", "image": "0000048.jpg", "ip_rating": "IP67", "bulb_type": null, "is_dimmable": false, "is_clearance": false, "is_multipack": false}}, {"model": "products.product", "pk": 28, "fields": {"category": 11, "sku": "6106296", "name": "Endura Flood sensor outdoor spotlight 840 DG", "description": "Dark grey LED outdoor spotlight Endura Flood with sensor, light colour 4,000 K A compact design, energy-efficient, universal white lighting that provides enormous energy savings compared to halogen spotlights and uniform illumination thanks to a partially frosted tempered glass cover - these are the features of the Endura Flood Sensor LED outdoor spotlight. The LED outdoor spotlight for versatile use can be swivelled by up to 180° in its mounting bracket and is suitable for use in the temperature range from -10 to 40 °C. The IR daylight and motion sensor built into the spotlight can be adjusted to suit requirements. Data sensor: Detection angle 120°, detection range 2 to 9 metres (adjustable), daylight sensor detection threshold 20-2,000 lux (adjustable. The new LEDVANCE products, formerly known under the OSRAM brand name, combine the highest quality standards with modern design.", "price": "41.90", "rating": "5.00", "image_url": "https://lw-cdn.com/images/D6A6D497EF47/k_247fdd799cfd45c61ed8b09bdbbd17b6;w_472;h_472;q_70/endura-flood-sensor-outdoor-spotlight-840-dg-20-w.webp", "image": "0000049.jpg", "ip_rating": "IP44", "bulb_type": null, "is_dimmable": false, "is_clearance": false, "is_multipack": false}}, {"model": "products.product", "pk": 29, "fields": {"category": 11, "sku": "8505695", "name": "XLED Home 2 XL - LED wall light with sensor", "description": "Innovative LED outdoor wall light XLED Home 2 XL with far-reaching light\r\n\r\nThe XLED Home 2 XL LED outdoor wall light made from UV-resistant plastic makes dark entrance areas or driveways a thing of the past, as the innovative LED technology and the integrated passive infrared sensor allow the light to provide light over a wide area, and precisely when it is required. Both the LED panel itself and the motion sensor can be variably adjusted, making the light a completely flexible lighting miracle. The LED lighting technology installed in the LED panel also scores points with a very long service life and an efficient power consumption.", "price": "133.90", "rating": "4.70", "image_url": "https://lw-cdn.com/images/AF7792BFC5F6/k_8968925b3b0f2cbdaeed102ba0cdfa8c;w_472;h_472;q_70/xled-home-2-xl-led-wall-light-with-sensor.webp", "image": "0000050.jpg", "ip_rating": "IP44", "bulb_type": null, "is_dimmable": false, "is_clearance": true, "is_multipack": false}}, {"model": "products.product", "pk": 30, "fields": {"category": 11, "sku": "9955064", "name": "Emilio solar wall light with sensor and LEDs", "description": "LED solar wall light Emilio with a built-in sensor\r\nThe solar panel is located on the top of Emilio and offers plenty of space for the sunlight. As the day turns to night, the LED solar wall light begins to illuminate and it offers excellent orientation lighting for the garden. It can be also be affixed to a shed when there is no electricity connection nearby. The light shines downwards, and an integrated motion detector offers greater efficiency for the lighting. The detection range is between five and eight metres and the detection angle is 90°.", "price": "31.90", "rating": "4.50", "image_url": "https://lw-cdn.com/images/1E584F4CBE60/k_eec1de6a1abe935f09557b3775b10d94;w_472;h_472;q_70/emilio-solar-wall-light-with-sensor-and-leds.webp", "image": "0000051.jpg", "ip_rating": "IP44", "bulb_type": null, "is_dimmable": false, "is_clearance": false, "is_multipack": false}}, {"model": "products.product", "pk": 31, "fields": {"category": 10, "sku": "4018223", "name": "Adem LED solar deco light, ethnic style, 30.5 cm", "description": "Brown LED solar decorative light Adem with a moon-shaped design\r\n\r\nFinally, the garden is bathed in moonlight every night, as the Adem LED solar decorative light is in the shape of a crescent moon and adds an attractive eye-catching feature to the ambience of the outdoor area. The brown colour fades into the background so that the light emitted by the round body is the sole focus of attention.\r\n\r\nWhilst the decorative light wraps the garden in its light in the evening and at night, it is charged during the day via a solar panel. It provides excellent lighting for benches, ponds etc. and shows them off decoratively.", "price": "26.90", "rating": "4.00", "image_url": "https://lw-cdn.com/images/5F27FB716A7C/k_93f3499750d7ff0033a5ad24da2910ab;w_472;h_472;q_70/adem-led-solar-deco-light-ethnic-style-30-5-cm.webp", "image": "0000052.jpg", "ip_rating": "IP44", "bulb_type": null, "is_dimmable": false, "is_clearance": true, "is_multipack": false}}, {"model": "products.product", "pk": 32, "fields": {"category": 10, "sku": "1523069", "name": "Fency - LED solar wall light in set of 3", "description": "Effective Fency solar LED wall light in a set of three\r\nThe round Fency solar wall light offers effective lighting. The light emitted by the LEDs shines through the rippled plastic cover to create ray of light below the light itself on the wall. The solar panel on the top of the light charges the NiMH batteries (3 x AA) during the day so that they can provide warm white LED lighting when darkness falls. The set of three solar lights illuminates the house façade for up to six hours, depending on the battery level.", "price": "13.90", "rating": "3.80", "image_url": "https://lw-cdn.com/images/F57357C95D9B/k_7e456e1d650b40be1812b7fa59c6e58a;w_472;h_472;q_70/fency-led-solar-wall-light-in-set-of-3.webp", "image": "0000053.jpg", "ip_rating": "IP44", "bulb_type": null, "is_dimmable": false, "is_clearance": false, "is_multipack": false}}, {"model": "products.product", "pk": 33, "fields": {"category": 10, "sku": "1523827", "name": "Filip LED solar light in graphite, ground spike", "description": "LED path light Filip with ground spike and solar module\r\n\r\nAlong paths in the entrance area or in the garden, the Filip LED path light is ideal for lighting and decoration. It is absolutely flexible and can be used anywhere without a power connection thanks to the integrated rechargeable battery, which is charged with energy from a solar panel in the top of the light. The solar light is ready for operation after 36 hours in the sun and then starts to light up automatically thanks to the integrated day/night sensor.", "price": "38.90", "rating": null, "image_url": "https://lw-cdn.com/images/10C91F1BCB1F/k_131b6feda77f8538cc7f180687079170;w_472;h_472;q_70/filip-led-solar-light-in-graphite-ground-spike.webp", "image": "0000054.jpg", "ip_rating": "IP44", "bulb_type": null, "is_dimmable": false, "is_clearance": false, "is_multipack": false}}, {"model": "products.product", "pk": 34, "fields": {"category": 12, "sku": "9993001", "name": "E27 9 W 830 LED bulb, warm white", "description": "With its traditional light bulb shape and warm white luminous colour of 3,000 K, this LED bulb is suitable for use in living and office rooms and replaces a traditional 60 W light bulb.\r\n\r\nThe bulb is distinguished by its high efficiency and low energy consumption as well as a very long lifetime of up to 30,000 hours.\r\n\r\nAdditional characteristics are mercury-free production, a minimal start time (< 1 second - 100 brightness immediately) as well as low heat and low UV radiation.", "price": "8.90", "rating": "5.00", "image_url": "https://lw-cdn.com/images/2BB0BD4CBE62/k_77cd59e5eec257a784fa0aca1981129f;w_472;h_472;q_70/e27-9-w-830-led-bulb-warm-white.webp", "image": "0000055.jpg", "ip_rating": null, "bulb_type": "E27", "is_dimmable": false, "is_clearance": true, "is_multipack": false}}, {"model": "products.product", "pk": 35, "fields": {"category": 12, "sku": "9993043", "name": "E27 LED rustic bulb 6 W 500 lm, amber 2,200 K", "description": "E27 LED rustic bulb with filament technology in decorative amber\r\n\r\nThis light bulb, with its traditional shape and amber-coloured glass, looks very decorative when placed in cage lights or open lights and will enhance any light.\r\n\r\nThe built-in LEDs offer filament technology and produce pleasant, cosy lighting for the living room or bedroom thanks to the very warm lighting (2,200 K).", "price": "9.90", "rating": "4.50", "image_url": "https://lw-cdn.com/images/6615824BBB6D/k_9401a1123bae818acefcca336214a7b2;w_472;h_472;q_70/e27-led-rustic-bulb-6-w-500-lm-amber-2-200-k.webp", "image": "0000057.jpg", "ip_rating": null, "bulb_type": "E27", "is_dimmable": true, "is_clearance": true, "is_multipack": false}}, {"model": "products.product", "pk": 36, "fields": {"category": 12, "sku": "7262005", "name": "Filament LED bulb E27 7.5 W, warm white, dimmable", "description": "E27 7.5 W LED filament bulb with the best EEC A++\r\n\r\nWith a light output of 806 lumens, the LED bulb provides sufficient brightness and is a very energy-efficient replacement for conventional light bulbs of up to 60 watts.", "price": "7.90", "rating": "4.00", "image_url": "https://lw-cdn.com/images/1403D25B3CF8/k_d52513319f645131ab8b51c6bec1021d;w_472;h_472;q_70/filament-led-bulb-e27-7-5-w-warm-white-dimmable.webp", "image": "0000056.jpg", "ip_rating": null, "bulb_type": "E27", "is_dimmable": true, "is_clearance": false, "is_multipack": false}}, {"model": "products.product", "pk": 37, "fields": {"category": 13, "sku": "7260465", "name": "GU5.3 MR16 halogen bulb Decostar51 Standard 50W 36", "description": "GU5.3 MR16 50W 36° halogen bulb Decostar 51 - OSRAM\r\n\r\nThis cold light reflector bulb DECOSTAR 51 is the right solution, because it radiates the heat created during operation mainly through on the back side of the reflectors. This minimizes the heat load by about 66 % in the light bundle. Heat-sensitive objects can be brought into the right light as well.", "price": "2.90", "rating": "4.40", "image_url": "https://lw-cdn.com/images/E333571946C3/k_681599efce3fe143332c0bb89003af65;w_472;h_472;q_70/gu5-3-mr16-halogen-bulb-decostar51-standard-50w-36.webp", "image": "0000058.jpg", "ip_rating": null, "bulb_type": "GU5.3 / MR16", "is_dimmable": true, "is_clearance": true, "is_multipack": false}}, {"model": "products.product", "pk": 38, "fields": {"category": 13, "sku": "7261520", "name": "Osram halogen bulb G4 HALOSTAR STARLITE 5 W", "description": "Warm white LED reflector bulb GU4 MR11 3 W, 190 lumens\r\n\r\nThe GU4 LED reflector bulb provides a warm white light and requires just 3 watts of power.", "price": "2.90", "rating": "3.00", "image_url": "https://lw-cdn.com/images/FB80D20EAC78/k_21d2ffcbdc5f8def9bd1702f1ffea1bb;w_472;h_472;q_70/osram-halogen-bulb-g4-halostar-starlite-5-w.webp", "image": "0000059.jpg", "ip_rating": null, "bulb_type": "G4", "is_dimmable": true, "is_clearance": false, "is_multipack": false}}, {"model": "products.product", "pk": 39, "fields": {"category": 12, "sku": "7534127", "name": "Philips Hue White Ambiance E27 8.5W, set of 2", "description": "Double pack of Philips Hue White Ambiance E27 LED bulbs for control via Bluetooth and ZigBee\r\n\r\nWith the Hue White Ambiance lamp, every light with a E27 fitting can be turned into a smart device. The practical 2-piece kit is the ideal extension for existing Hue kits. The light can also be directly controlled without bridge/router using the dimmer switch (see the accessories) or with the Philips Hue Bluetooth app for smartphone/tablet thanks to the in-built Bluetooth technology.\r\n\r\nThe White Ambiance lamp offers the right lighting mood for every situation from relaxation to focused work, since the colour temperature can be selected across a wide range from 2,200 to 6,500 K. These settings can be determined as a program based on your daily routine. Since the light bulb communicates via the ZigBee protocol in addition to Bluetooth, it can be integrated into any smart home system that uses this standard via bridge and router. For example, voice control on site or remote control via a smartphone app becomes possible after integrating Hue.", "price": "46.90", "rating": "4.20", "image_url": "https://lw-cdn.com/images/FCC7A8CA95C8/k_1deade764f3f923d5147e517cb7747ad;w_472;h_472;q_70/philips-hue-white-ambiance-e27-8-5w-set-of-2.webp", "image": "0000061.jpg", "ip_rating": "IP20", "bulb_type": "E27", "is_dimmable": true, "is_clearance": true, "is_multipack": true}}, {"model": "products.product", "pk": 40, "fields": {"category": 12, "sku": "7262107", "name": "LED bulb B22d 9W, warm white, 806 lumens, set of 4", "description": "B22d 9 W LED bulb in a set of four\r\n\r\nThis set of four provides an economical replacement for four old traditional light bulbs with a power consumption of 60 watts, and doesn’t lose its brightness with a light output of 806 lumens. Thanks to its 100,000 switching cycles, the LED bulb is very robust and another replacement is far in the future.", "price": "9.90", "rating": "4.90", "image_url": "https://lw-cdn.com/images/849F50352229/k_f2f95dee2a5e9a80c3bfc1e88ea1cb07;w_472;h_472;q_70/led-bulb-b22d-9w-warm-white-806-lumens-set-of-4.webp", "image": "0000062.jpg", "ip_rating": null, "bulb_type": "B22", "is_dimmable": false, "is_clearance": false, "is_multipack": true}}, {"model": "products.product", "pk": 41, "fields": {"category": 12, "sku": "7262098", "name": "LED bulb filament candle E14 4 W warm white, 3 set", "description": "E14 4 W LED filament candle bulb in a set of three\r\n\r\nThe LED candles in this set of three, which are reminiscent of the original traditional light bulb, offer a strikingly attractive design. At the same time, they offer several advantages: energy efficiency class A++ ensures an economical use, and 100,000 switching cycles show a high level of robustness.", "price": "9.90", "rating": "4.00", "image_url": "https://lw-cdn.com/images/826519DC4A30/k_2c36f6a48392e421493cf8afa0db59e9;w_472;h_472;q_70/led-bulb-filament-candle-e14-4-w-warm-white-3-set.webp", "image": "0000063.jpg", "ip_rating": null, "bulb_type": "E14", "is_dimmable": false, "is_clearance": false, "is_multipack": true}}, {"model": "products.product", "pk": 56, "fields": {"category": 3, "sku": "1000000", "name": "Shane is the best", "description": "I fucking love Shane, he's the most handsomest brother in the whole wide world. What luck I have had to be born his sibling.", "price": "10.99", "rating": "5.00", "image_url": "https://scontent.ftxl2-1.fna.fbcdn.net/v/t31.0-8/18449335_10158938253530227_7254999828509796842_o.jpg?_nc_cat=100&ccb=3&_nc_sid=09cbfe&_nc_ohc=Kq2wwuKObF4AX_urIiF&_nc_ht=scontent.ftxl2-1.fna&oh=de8ea23a555237aec90a95d4c238a5d3&oe=605D1106", "image": "", "ip_rating": null, "bulb_type": null, "is_dimmable": true, "is_clearance": true, "is_multipack": true}}, {"model": "products.product", "pk": 57, "fields": {"category": 1, "sku": null, "name": "test", "description": "tftykgkvjhl", "price": "9.00", "rating": null, "image_url": null, "image": "", "ip_rating": null, "bulb_type": null, "is_dimmable": false, "is_clearance": false, "is_multipack": false}}, {"model": "products.product", "pk": 58, "fields": {"category": 1, "sku": null, "name": "test22", "description": "uihuih", "price": "78.00", "rating": null, "image_url": null, "image": "", "ip_rating": null, "bulb_type": null, "is_dimmable": false, "is_clearance": false, "is_multipack": false}}, {"model": "checkout.order", "pk": 1, "fields": {"order_number": "8F2CA4DA092D4ACBBD63CDEBC6B402EC", "user_profile": null, "full_name": "hbhjlbhjl", "email": "hjlvjhlh@gghj.co", "phone_number": "gyuguoglyu", "street_address1": "gvhulghujlgvbh", "street_address2": "hjlhjlvh", "town_or_city": "bjlvhjvlhj", "county": "lvhjklvhjklvhj", "postcode": "vhjklvhjklvhjkl", "country": "US", "date": "2021-02-22T09:35:07.579Z", "delivery_cost": "0.00", "order_total": "266.70", "grand_total": "266.70", "original_cart": "{\"3\": 1}", "stripe_pid": "pi_1INaLiExrtPNf4ef8CU2lThZ"}}, {"model": "checkout.order", "pk": 2, "fields": {"order_number": "5302CDAECA374C40870B7BEE43A95B2B", "user_profile": null, "full_name": "hbvhjkvk", "email": "ghkfvghk@hujkvyh.com", "phone_number": "yuofgyu", "street_address1": "ulvhujl", "street_address2": "gvvhjvl", "town_or_city": "hjlvhj", "county": "klvhjvlhj", "postcode": "lvhjlvhjl", "country": "US", "date": "2021-02-22T09:50:27.715Z", "delivery_cost": "2.97", "order_total": "59.40", "grand_total": "62.37", "original_cart": "{\"35\": 1, \"40\": 1}", "stripe_pid": "pi_1INb3DExrtPNf4efQT3Dkali"}}, {"model": "checkout.order", "pk": 3, "fields": {"order_number": "060EC3DFED404A8BB5A7BFD98D17A5B0", "user_profile": null, "full_name": "vvcnbcv", "email": "cvn@cbhczs.com", "phone_number": "gygo", "street_address1": "huvgyu", "street_address2": "yhuovyhu", "town_or_city": "yhuolvyhu", "county": "vhuov", "postcode": "huolvyhuo", "country": "US", "date": "2021-02-22T10:04:44.452Z", "delivery_cost": "0.00", "order_total": "447.60", "grand_total": "447.60", "original_cart": "{\"2\": 1}", "stripe_pid": "pi_1INbH5ExrtPNf4efYt4BkKqE"}}, {"model": "checkout.order", "pk": 4, "fields": {"order_number": "CA1566B142234FD682C54504375BFFE4", "user_profile": null, "full_name": "dhgdn", "email": "hdg@gfjhsf.co", "phone_number": "yhug", "street_address1": "hjlvhj", "street_address2": "vhjkvh", "town_or_city": "jkvhj", "county": "kvhjklvhjvl", "postcode": "hjlvhjlvh", "country": "US", "date": "2021-02-22T11:12:15.939Z", "delivery_cost": "0.00", "order_total": "269.80", "grand_total": "269.80", "original_cart": "{\"2\": 1}", "stripe_pid": "pi_1INcKTExrtPNf4efiXPKYTle"}}, {"model": "checkout.order", "pk": 5, "fields": {"order_number": "8718A50EF16F4B578384EF796405BFE4", "user_profile": null, "full_name": "jhf,mhf", "email": "ghkvkg@fgfhy.com", "phone_number": "yufgyu", "street_address1": "vghkvg", "street_address2": "hgkvghk", "town_or_city": "gvhkvghk", "county": "vghkvghkv", "postcode": "ghkvghk", "country": "US", "date": "2021-02-22T11:30:52.521Z", "delivery_cost": "0.40", "order_total": "7.90", "grand_total": "8.30", "original_cart": "{\"36\": 1}", "stripe_pid": "pi_1INccSExrtPNf4efWpPSsPZI"}}, {"model": "checkout.order", "pk": 6, "fields": {"order_number": "5E757CB8010042A6A0BCDCBEFBE83DAE", "user_profile": 2, "full_name": "Bobby", "email": "bob@bob.com", "phone_number": "123456321", "street_address1": "Home", "street_address2": "Street", "town_or_city": "Elmo land", "county": "Picasso", "postcode": "45689", "country": "YE", "date": "2021-02-22T19:39:24.122Z", "delivery_cost": "0.00", "order_total": "269.80", "grand_total": "269.80", "original_cart": "{\"2\": 1, \"1\": 1}", "stripe_pid": "pi_1INkESExrtPNf4efXsTN030q"}}, {"model": "checkout.order", "pk": 7, "fields": {"order_number": "4353D365CB5947DF93325BC2405E8BC2", "user_profile": 2, "full_name": "Bobby O'Neill", "email": "bob@bby.com", "phone_number": "123456321", "street_address1": "Home", "street_address2": "Home", "town_or_city": "Elmo land", "county": "Picasso", "postcode": "45689", "country": "YE", "date": "2021-02-22T20:12:20.335Z", "delivery_cost": "4.44", "order_total": "88.90", "grand_total": "93.34", "original_cart": "{\"17\": 1}", "stripe_pid": "pi_1INkl1ExrtPNf4efqpMEhNK4"}}, {"model": "checkout.order", "pk": 8, "fields": {"order_number": "EA077BE7813445F5B0702AB9B72D5254", "user_profile": 2, "full_name": "Bobby O'Neill", "email": "bob@bby.com", "phone_number": "123456321", "street_address1": "Home", "street_address2": "Home", "town_or_city": "Elmo land", "county": "Picasso", "postcode": "45689", "country": "YE", "date": "2021-02-22T20:38:55.783Z", "delivery_cost": "0.00", "order_total": "293.80", "grand_total": "293.80", "original_cart": "{\"32\": 1, \"27\": 1}", "stripe_pid": "pi_1INlB2ExrtPNf4ef5f09WbRJ"}}, {"model": "checkout.order", "pk": 9, "fields": {"order_number": "FB0E186D7EE348DA9E92DF49AA73BF4C", "user_profile": 2, "full_name": "Bobby O'Neill", "email": "bob@bby.com", "phone_number": "123456321", "street_address1": "Home", "street_address2": "Home", "town_or_city": "Elmo land", "county": "Picasso", "postcode": "45689", "country": "YE", "date": "2021-02-22T20:40:41.659Z", "delivery_cost": "3.64", "order_total": "72.90", "grand_total": "76.54", "original_cart": "{\"23\": 1}", "stripe_pid": "pi_1INlCkExrtPNf4efYKTxBIVy"}}, {"model": "checkout.order", "pk": 10, "fields": {"order_number": "D22ABF670F3A4559BF0630177AE4A00E", "user_profile": 2, "full_name": "Bobby O'Neill", "email": "bob@bby.com", "phone_number": "123456321", "street_address1": "Home", "street_address2": "Home", "town_or_city": "Elmo land", "county": "Picasso", "postcode": "45689", "country": "YE", "date": "2021-02-22T20:48:28.127Z", "delivery_cost": "0.00", "order_total": "134.90", "grand_total": "134.90", "original_cart": "{\"2\": 1}", "stripe_pid": "pi_1INlKGExrtPNf4efkKz8SEDX"}}, {"model": "checkout.order", "pk": 11, "fields": {"order_number": "381B1035C1C140B58D495E7825B306AF", "user_profile": 2, "full_name": "Bobby O'Neill", "email": "bob@bby.com", "phone_number": "123456321", "street_address1": "Home", "street_address2": "Home", "town_or_city": "Elmo land", "county": "Picasso", "postcode": "45689", "country": "YE", "date": "2021-02-22T20:51:13.820Z", "delivery_cost": "0.00", "order_total": "134.90", "grand_total": "134.90", "original_cart": "{\"2\": 1}", "stripe_pid": "pi_1INlMvExrtPNf4ef8IjyDrho"}}, {"model": "checkout.order", "pk": 12, "fields": {"order_number": "BDEF3E1307AF404FA78BF544FF1743FE", "user_profile": 2, "full_name": "Bobby O'Neill", "email": "bob@bby.com", "phone_number": "123456321", "street_address1": "Home", "street_address2": "Home", "town_or_city": "Elmo land", "county": "Picasso", "postcode": "45689", "country": "YE", "date": "2021-02-22T20:52:08.635Z", "delivery_cost": "3.64", "order_total": "72.90", "grand_total": "76.54", "original_cart": "{\"23\": 1}", "stripe_pid": "pi_1INlNlExrtPNf4efU6XZb7kh"}}, {"model": "checkout.order", "pk": 13, "fields": {"order_number": "11C12FB4E8A646AE99CC72688999AD9E", "user_profile": 1, "full_name": "Bobby O'Neill", "email": "bob@bby.com", "phone_number": "123456321", "street_address1": "Home", "street_address2": "Home", "town_or_city": "Elmo land", "county": "Picasso", "postcode": "45689", "country": "YE", "date": "2021-02-22T20:55:10.799Z", "delivery_cost": "1.24", "order_total": "24.90", "grand_total": "26.14", "original_cart": "{\"3\": 1}", "stripe_pid": "pi_1INlQlExrtPNf4efckwzfhcP"}}, {"model": "checkout.order", "pk": 14, "fields": {"order_number": "04856BBC091D41CEBBB52DD87FD1F604", "user_profile": 1, "full_name": "Dexter Smarts", "email": "dexter08@email.com", "phone_number": "874564321544", "street_address1": "The Lane", "street_address2": null, "town_or_city": "Anywhere", "county": null, "postcode": null, "country": "AW", "date": "2021-02-22T21:00:45.997Z", "delivery_cost": "0.00", "order_total": "134.90", "grand_total": "134.90", "original_cart": "{\"15\": 1}", "stripe_pid": "pi_1INlVfExrtPNf4efQL9zQAfy"}}, {"model": "checkout.order", "pk": 15, "fields": {"order_number": "E18CB5E777504D8385512021CC94984A", "user_profile": 1, "full_name": "Karls", "email": "dexter08@email.com", "phone_number": "874564321544", "street_address1": "The Lane", "street_address2": "The Lane", "town_or_city": "Anywhere", "county": null, "postcode": null, "country": "AW", "date": "2021-02-22T21:05:58.593Z", "delivery_cost": "0.00", "order_total": "134.90", "grand_total": "134.90", "original_cart": "{\"2\": 1}", "stripe_pid": "pi_1INlb8ExrtPNf4efShTQvMAu"}}, {"model": "checkout.order", "pk": 16, "fields": {"order_number": "7167340E355942658CFADC27210B107C", "user_profile": 1, "full_name": "fgshhfh", "email": "dexter08@email.com", "phone_number": "874564321544", "street_address1": "The Lane", "street_address2": "The Lane", "town_or_city": "Anywhere", "county": null, "postcode": null, "country": "AW", "date": "2021-02-22T21:07:34.015Z", "delivery_cost": "0.00", "order_total": "134.90", "grand_total": "134.90", "original_cart": "{\"1\": 1}", "stripe_pid": "pi_1INlccExrtPNf4efmVZBUmGA"}}, {"model": "checkout.order", "pk": 17, "fields": {"order_number": "DA82993F90A142A5B5508C550ECF379B", "user_profile": 1, "full_name": "Shane", "email": "smur89@gmail.com", "phone_number": "874564321544", "street_address1": "Sonnenallee 149", "street_address2": "Murphy/Baker", "town_or_city": "Berlin - Neukölln", "county": "Please select state:", "postcode": "12059", "country": "DE", "date": "2021-02-24T21:17:16.048Z", "delivery_cost": "0.55", "order_total": "10.99", "grand_total": "11.54", "original_cart": "{\"56\": 1}", "stripe_pid": "pi_1IOUj0ExrtPNf4efPftTXxmw"}}, {"model": "checkout.order", "pk": 18, "fields": {"order_number": "4F3B07575F194B039E25457D06C094C5", "user_profile": 1, "full_name": "Shane Murphy", "email": "smur89@gmail.com", "phone_number": "+49872806262", "street_address1": "Sonnenallee 149", "street_address2": "Murphy/Baker", "town_or_city": "Berlin - Neukölln", "county": "Please select state:", "postcode": "12059", "country": "DE", "date": "2021-02-24T21:30:03.556Z", "delivery_cost": "1.24", "order_total": "24.90", "grand_total": "26.14", "original_cart": "{\"3\": 1}", "stripe_pid": "pi_1IOUvWExrtPNf4efWFEIa36K"}}, {"model": "checkout.order", "pk": 19, "fields": {"order_number": "890D5A68CAFD4F43BA3AEB7956754334", "user_profile": 1, "full_name": "ddd", "email": "dexter08@email.com", "phone_number": "0872806262", "street_address1": "Sonnenallee 149", "street_address2": "Murphy/Baker", "town_or_city": "Berlin", "county": "Berlin", "postcode": "12059", "country": "DE", "date": "2021-02-24T21:34:47.820Z", "delivery_cost": "0.00", "order_total": "134.95", "grand_total": "134.95", "original_cart": "{\"2\": 1}", "stripe_pid": "pi_1IOV09ExrtPNf4efSyVrdxu7"}}, {"model": "checkout.order", "pk": 20, "fields": {"order_number": "3BD72212FB5144BEBEF6069BC52166B6", "user_profile": 1, "full_name": "dddd", "email": "dexter08@email.com", "phone_number": "0872806262", "street_address1": "Sonnenallee 149", "street_address2": "Sonnenallee 149", "town_or_city": "Berlin", "county": "Berlin", "postcode": "12059", "country": "DE", "date": "2021-02-24T21:35:50.774Z", "delivery_cost": "0.00", "order_total": "134.90", "grand_total": "134.90", "original_cart": "{\"1\": 1}", "stripe_pid": "pi_1IOV1CExrtPNf4ef9apSrwKN"}}, {"model": "checkout.order", "pk": 21, "fields": {"order_number": "17AA47A3846F4741B64061AE9361E842", "user_profile": 1, "full_name": "sss", "email": "dexter08@email.com", "phone_number": "0872806262", "street_address1": "Sonnenallee 149", "street_address2": "Sonnenallee 149", "town_or_city": "Berlin", "county": "Berlin", "postcode": "12059", "country": "DE", "date": "2021-02-24T21:36:57.372Z", "delivery_cost": "0.00", "order_total": "134.95", "grand_total": "134.95", "original_cart": "{\"2\": 1}", "stripe_pid": "pi_1IOV2IExrtPNf4efLeN0JhGr"}}, {"model": "checkout.order", "pk": 22, "fields": {"order_number": "26807C4D9D1D44D7AB754401A7591B8D", "user_profile": 1, "full_name": "ddd", "email": "dexter08@email.com", "phone_number": "0872806262", "street_address1": "Sonnenallee 149", "street_address2": "Sonnenallee 149", "town_or_city": "Berlin", "county": "Berlin", "postcode": "12059", "country": "DE", "date": "2021-02-24T21:45:48.298Z", "delivery_cost": "0.00", "order_total": "134.95", "grand_total": "134.95", "original_cart": "{\"2\": 1}", "stripe_pid": "pi_1IOVAoExrtPNf4eftwYTnqq0"}}, {"model": "checkout.order", "pk": 23, "fields": {"order_number": "07E0263D842940368D6A9A033BF11938", "user_profile": 1, "full_name": "ddd", "email": "dexter08@email.com", "phone_number": "0872806262", "street_address1": "Sonnenallee 149", "street_address2": "Sonnenallee 149", "town_or_city": "Berlin", "county": "Berlin", "postcode": "12059", "country": "DE", "date": "2021-02-24T21:47:31.150Z", "delivery_cost": "0.00", "order_total": "134.95", "grand_total": "134.95", "original_cart": "{\"2\": 1}", "stripe_pid": "pi_1IOVCWExrtPNf4efyKW6oSAz"}}, {"model": "checkout.order", "pk": 24, "fields": {"order_number": "52A582571D184A73B5A05ED84B78B68C", "user_profile": 1, "full_name": "sdfsdf", "email": "dexter08@email.com", "phone_number": "0872806262", "street_address1": "Sonnenallee 149", "street_address2": "Sonnenallee 149", "town_or_city": "Berlin", "county": "Berlin", "postcode": "12059", "country": "DE", "date": "2021-02-24T22:01:15.092Z", "delivery_cost": "0.00", "order_total": "134.90", "grand_total": "134.90", "original_cart": "{\"1\": 1}", "stripe_pid": "pi_1IOVPmExrtPNf4efTT4Dh0Em"}}, {"model": "checkout.order", "pk": 25, "fields": {"order_number": "41CEC7A0106043178BAE1DD8C3AAEE41", "user_profile": 1, "full_name": "dsf", "email": "dexter08@email.com", "phone_number": "0872806262", "street_address1": "Sonnenallee 149", "street_address2": "Sonnenallee 149", "town_or_city": "Berlin", "county": "Berlin", "postcode": "12059", "country": "DE", "date": "2021-02-24T22:03:23.440Z", "delivery_cost": "0.00", "order_total": "134.95", "grand_total": "134.95", "original_cart": "{\"2\": 1}", "stripe_pid": "pi_1IOVRtExrtPNf4efj4CgUCxY"}}, {"model": "checkout.order", "pk": 26, "fields": {"order_number": "FCC63C4A1B8B42CDB04A10C94478FCDB", "user_profile": 1, "full_name": "ddd", "email": "dexter08@email.com", "phone_number": "0872806262", "street_address1": "Sonnenallee 149", "street_address2": "Sonnenallee 149", "town_or_city": "Berlin", "county": "Berlin", "postcode": "12059", "country": "DE", "date": "2021-02-24T22:06:56.177Z", "delivery_cost": "0.00", "order_total": "134.90", "grand_total": "134.90", "original_cart": "{\"1\": 1}", "stripe_pid": "pi_1IOVVAExrtPNf4efUWELJ06b"}}, {"model": "checkout.order", "pk": 27, "fields": {"order_number": "67913D08289C43EDBE4E681640C748C8", "user_profile": 1, "full_name": "ddd", "email": "dexter08@email.com", "phone_number": "0872806262", "street_address1": "Sonnenallee 149", "street_address2": "Sonnenallee 149", "town_or_city": "Berlin", "county": "Berlin", "postcode": "12059", "country": "DE", "date": "2021-02-24T22:07:47.999Z", "delivery_cost": "0.00", "order_total": "134.95", "grand_total": "134.95", "original_cart": "{\"2\": 1}", "stripe_pid": "pi_1IOVW8ExrtPNf4efsPolDzwP"}}, {"model": "checkout.order", "pk": 28, "fields": {"order_number": "75179291B12742079DCFE26BA6E410DF", "user_profile": 1, "full_name": "edd", "email": "dexter08@email.com", "phone_number": "0872806262", "street_address1": "Sonnenallee 149", "street_address2": "Sonnenallee 149", "town_or_city": "Berlin", "county": "Berlin", "postcode": "12059", "country": "DE", "date": "2021-02-24T22:09:50.539Z", "delivery_cost": "0.00", "order_total": "134.90", "grand_total": "134.90", "original_cart": "{\"1\": 1}", "stripe_pid": "pi_1IOVY7ExrtPNf4efMVgykTOF"}}, {"model": "checkout.order", "pk": 29, "fields": {"order_number": "EAA99F28BF044D8890E1490E6949C94C", "user_profile": 1, "full_name": "dfds", "email": "dexter08@email.com", "phone_number": "0872806262", "street_address1": "Sonnenallee 149", "street_address2": "Sonnenallee 149", "town_or_city": "Berlin", "county": "Berlin", "postcode": "12059", "country": "DE", "date": "2021-02-24T22:10:30.297Z", "delivery_cost": "0.00", "order_total": "134.95", "grand_total": "134.95", "original_cart": "{\"2\": 1}", "stripe_pid": "pi_1IOVYeExrtPNf4efkS1inqsc"}}, {"model": "checkout.order", "pk": 30, "fields": {"order_number": "377571C7AF4D4379B3EB1F3681A2AED2", "user_profile": 1, "full_name": "dfds", "email": "dexter08@email.com", "phone_number": "0872806262", "street_address1": "Sonnenallee 149", "street_address2": "Sonnenallee 149", "town_or_city": "Berlin", "county": "Berlin", "postcode": "12059", "country": "DE", "date": "2021-02-24T22:10:36.150Z", "delivery_cost": "0.00", "order_total": "134.95", "grand_total": "134.95", "original_cart": "{\"2\": 1}", "stripe_pid": "pi_1IOVYeExrtPNf4efkS1inqsc_secret_6Rkw9TV5aC87KSd4SYPRk7vyb"}}, {"model": "checkout.order", "pk": 31, "fields": {"order_number": "8B1B1836AE1B4A5AB46F55FFFA7F3AA2", "user_profile": 1, "full_name": "sadasd", "email": "dexter08@email.com", "phone_number": "0872806262", "street_address1": "Sonnenallee 149", "street_address2": "Sonnenallee 149", "town_or_city": "Berlin", "county": "Berlin", "postcode": "12059", "country": "DE", "date": "2021-02-24T22:12:42.474Z", "delivery_cost": "0.00", "order_total": "134.90", "grand_total": "134.90", "original_cart": "{\"1\": 1}", "stripe_pid": "pi_1IOVaoExrtPNf4efZUguYhWx"}}, {"model": "checkout.order", "pk": 32, "fields": {"order_number": "9B636A4E067545F5AE462053761F61FB", "user_profile": 1, "full_name": "sadasd", "email": "dexter08@email.com", "phone_number": "0872806262", "street_address1": "Sonnenallee 149", "street_address2": "Sonnenallee 149", "town_or_city": "Berlin", "county": "Berlin", "postcode": "12059", "country": "DE", "date": "2021-02-24T22:12:48.424Z", "delivery_cost": "0.00", "order_total": "134.90", "grand_total": "134.90", "original_cart": "{\"1\": 1}", "stripe_pid": "pi_1IOVaoExrtPNf4efZUguYhWx_secret_ZCDdXF6xSGHi6yItEqgr8rier"}}, {"model": "checkout.order", "pk": 33, "fields": {"order_number": "4CDC301727A54B7190A0C12449657FB0", "user_profile": 1, "full_name": "Dexter", "email": "dexter08@email.com", "phone_number": "0872806262", "street_address1": "Sonnenallee 149", "street_address2": "Sonnenallee 149", "town_or_city": "Berlin", "county": "Berlin", "postcode": "12059", "country": "DE", "date": "2021-02-25T12:01:44.689Z", "delivery_cost": "0.00", "order_total": "134.90", "grand_total": "134.90", "original_cart": "{\"1\": 1}", "stripe_pid": "pi_1IOiX1ExrtPNf4efTGfP1s6X"}}, {"model": "checkout.order", "pk": 34, "fields": {"order_number": "E4203DFCC88F41AEB30F217A43B049D0", "user_profile": 1, "full_name": "Dexter", "email": "dexter08@email.com", "phone_number": "0872806262", "street_address1": "Sonnenallee 149", "street_address2": "Sonnenallee 149", "town_or_city": "Berlin", "county": "Berlin", "postcode": "12059", "country": "DE", "date": "2021-02-25T12:01:50.519Z", "delivery_cost": "0.00", "order_total": "134.90", "grand_total": "134.90", "original_cart": "{\"1\": 1}", "stripe_pid": "pi_1IOiX1ExrtPNf4efTGfP1s6X_secret_cOQLqgL5hKcPlj7RTlY4SNBws"}}, {"model": "checkout.order", "pk": 35, "fields": {"order_number": "5801C91A565E49FB951CE8483B040E11", "user_profile": 1, "full_name": "Dexter O'Neill", "email": "dexter08@email.com", "phone_number": "0872806262", "street_address1": "Sonnenallee 149", "street_address2": "Sonnenallee 149", "town_or_city": "Berlin", "county": "Berlin", "postcode": "12059", "country": "DE", "date": "2021-02-25T12:14:18.067Z", "delivery_cost": "0.00", "order_total": "134.95", "grand_total": "134.95", "original_cart": "{\"2\": 1}", "stripe_pid": "pi_1IOij7ExrtPNf4efioFVZskQ"}}, {"model": "checkout.order", "pk": 36, "fields": {"order_number": "23908047D8BF458582ED7EB361FBE4B7", "user_profile": 1, "full_name": "Dexter O'Neill", "email": "dexter08@email.com", "phone_number": "0872806262", "street_address1": "Sonnenallee 149", "street_address2": "Sonnenallee 149", "town_or_city": "Berlin", "county": "Berlin", "postcode": "12059", "country": "DE", "date": "2021-02-25T12:14:24.021Z", "delivery_cost": "0.00", "order_total": "134.95", "grand_total": "134.95", "original_cart": "{\"2\": 1}", "stripe_pid": "pi_1IOij7ExrtPNf4efioFVZskQ_secret_t1BZHEjMQ1ntjZ5CnPwpieyaO"}}, {"model": "checkout.order", "pk": 37, "fields": {"order_number": "CC14265DDD74487887A56A5BCDB27B7F", "user_profile": 3, "full_name": "frank", "email": "franky@frnko.com", "phone_number": "123456789", "street_address1": "Home land", "street_address2": null, "town_or_city": "iceland", "county": null, "postcode": null, "country": "BS", "date": "2021-02-25T12:38:22.640Z", "delivery_cost": "0.55", "order_total": "10.99", "grand_total": "11.54", "original_cart": "{\"56\": 1}", "stripe_pid": "pi_1IOj66ExrtPNf4efypBs4fz4"}}, {"model": "checkout.order", "pk": 38, "fields": {"order_number": "B185C514593A468FAD75B605B1EE9DFD", "user_profile": 3, "full_name": "frank", "email": "franky@frnko.com", "phone_number": "123456789", "street_address1": "Home land", "street_address2": "Home land", "town_or_city": "iceland", "county": null, "postcode": null, "country": "BS", "date": "2021-02-25T12:38:28.650Z", "delivery_cost": "0.55", "order_total": "10.99", "grand_total": "11.54", "original_cart": "{\"56\": 1}", "stripe_pid": "pi_1IOj66ExrtPNf4efypBs4fz4_secret_nfKRlfnzlZWwJcq1FrNV5GmYT"}}, {"model": "checkout.order", "pk": 39, "fields": {"order_number": "9FBE0F35D28A406380E1FD0EF480C161", "user_profile": 1, "full_name": "Dexter O'Neill", "email": "dexter08@email.com", "phone_number": "0872806262", "street_address1": "Sonnenallee 149", "street_address2": "Sonnenallee 149", "town_or_city": "Berlin", "county": "Berlin", "postcode": "12059", "country": "DE", "date": "2021-02-25T22:31:58.727Z", "delivery_cost": "2.25", "order_total": "45.00", "grand_total": "47.25", "original_cart": "{\"57\": 5}", "stripe_pid": "pi_1IOsMjExrtPNf4efDT7rMO5B"}}, {"model": "checkout.order", "pk": 40, "fields": {"order_number": "05E0AF404AC843688B97B42C7B901B45", "user_profile": 1, "full_name": "Dexter O'Neill", "email": "dexter08@email.com", "phone_number": "0872806262", "street_address1": "Sonnenallee 149", "street_address2": "Sonnenallee 149", "town_or_city": "Berlin", "county": "Berlin", "postcode": "12059", "country": "DE", "date": "2021-02-25T22:32:04.594Z", "delivery_cost": "2.25", "order_total": "45.00", "grand_total": "47.25", "original_cart": "{\"57\": 5}", "stripe_pid": "pi_1IOsMjExrtPNf4efDT7rMO5B_secret_Ex1v9CtZAdiAYTzh8W5E5uchQ"}}, {"model": "checkout.orderlineitem", "pk": 2, "fields": {"order": 2, "product": 35, "quantity": 3, "lineitem_total": "29.70"}}, {"model": "checkout.orderlineitem", "pk": 3, "fields": {"order": 2, "product": 40, "quantity": 3, "lineitem_total": "29.70"}}, {"model": "checkout.orderlineitem", "pk": 4, "fields": {"order": 3, "product": 2, "quantity": 2, "lineitem_total": "269.80"}}, {"model": "checkout.orderlineitem", "pk": 5, "fields": {"order": 3, "product": 19, "quantity": 2, "lineitem_total": "177.80"}}, {"model": "checkout.orderlineitem", "pk": 7, "fields": {"order": 1, "product": 17, "quantity": 3, "lineitem_total": "266.70"}}, {"model": "checkout.orderlineitem", "pk": 8, "fields": {"order": 4, "product": 2, "quantity": 2, "lineitem_total": "269.80"}}, {"model": "checkout.orderlineitem", "pk": 9, "fields": {"order": 5, "product": 36, "quantity": 1, "lineitem_total": "7.90"}}, {"model": "checkout.orderlineitem", "pk": 10, "fields": {"order": 6, "product": 2, "quantity": 1, "lineitem_total": "134.90"}}, {"model": "checkout.orderlineitem", "pk": 11, "fields": {"order": 6, "product": 1, "quantity": 1, "lineitem_total": "134.90"}}, {"model": "checkout.orderlineitem", "pk": 12, "fields": {"order": 7, "product": 17, "quantity": 1, "lineitem_total": "88.90"}}, {"model": "checkout.orderlineitem", "pk": 13, "fields": {"order": 8, "product": 32, "quantity": 1, "lineitem_total": "13.90"}}, {"model": "checkout.orderlineitem", "pk": 14, "fields": {"order": 8, "product": 27, "quantity": 1, "lineitem_total": "279.90"}}, {"model": "checkout.orderlineitem", "pk": 15, "fields": {"order": 9, "product": 23, "quantity": 1, "lineitem_total": "72.90"}}, {"model": "checkout.orderlineitem", "pk": 16, "fields": {"order": 10, "product": 2, "quantity": 1, "lineitem_total": "134.90"}}, {"model": "checkout.orderlineitem", "pk": 17, "fields": {"order": 11, "product": 2, "quantity": 1, "lineitem_total": "134.90"}}, {"model": "checkout.orderlineitem", "pk": 18, "fields": {"order": 12, "product": 23, "quantity": 1, "lineitem_total": "72.90"}}, {"model": "checkout.orderlineitem", "pk": 19, "fields": {"order": 13, "product": 3, "quantity": 1, "lineitem_total": "24.90"}}, {"model": "checkout.orderlineitem", "pk": 20, "fields": {"order": 14, "product": 15, "quantity": 1, "lineitem_total": "134.90"}}, {"model": "checkout.orderlineitem", "pk": 21, "fields": {"order": 15, "product": 2, "quantity": 1, "lineitem_total": "134.90"}}, {"model": "checkout.orderlineitem", "pk": 22, "fields": {"order": 16, "product": 1, "quantity": 1, "lineitem_total": "134.90"}}, {"model": "checkout.orderlineitem", "pk": 23, "fields": {"order": 17, "product": 56, "quantity": 1, "lineitem_total": "10.99"}}, {"model": "checkout.orderlineitem", "pk": 24, "fields": {"order": 18, "product": 3, "quantity": 1, "lineitem_total": "24.90"}}, {"model": "checkout.orderlineitem", "pk": 25, "fields": {"order": 19, "product": 2, "quantity": 1, "lineitem_total": "134.95"}}, {"model": "checkout.orderlineitem", "pk": 26, "fields": {"order": 20, "product": 1, "quantity": 1, "lineitem_total": "134.90"}}, {"model": "checkout.orderlineitem", "pk": 27, "fields": {"order": 21, "product": 2, "quantity": 1, "lineitem_total": "134.95"}}, {"model": "checkout.orderlineitem", "pk": 28, "fields": {"order": 22, "product": 2, "quantity": 1, "lineitem_total": "134.95"}}, {"model": "checkout.orderlineitem", "pk": 29, "fields": {"order": 23, "product": 2, "quantity": 1, "lineitem_total": "134.95"}}, {"model": "checkout.orderlineitem", "pk": 30, "fields": {"order": 24, "product": 1, "quantity": 1, "lineitem_total": "134.90"}}, {"model": "checkout.orderlineitem", "pk": 31, "fields": {"order": 25, "product": 2, "quantity": 1, "lineitem_total": "134.95"}}, {"model": "checkout.orderlineitem", "pk": 32, "fields": {"order": 26, "product": 1, "quantity": 1, "lineitem_total": "134.90"}}, {"model": "checkout.orderlineitem", "pk": 33, "fields": {"order": 27, "product": 2, "quantity": 1, "lineitem_total": "134.95"}}, {"model": "checkout.orderlineitem", "pk": 34, "fields": {"order": 28, "product": 1, "quantity": 1, "lineitem_total": "134.90"}}, {"model": "checkout.orderlineitem", "pk": 35, "fields": {"order": 29, "product": 2, "quantity": 1, "lineitem_total": "134.95"}}, {"model": "checkout.orderlineitem", "pk": 36, "fields": {"order": 30, "product": 2, "quantity": 1, "lineitem_total": "134.95"}}, {"model": "checkout.orderlineitem", "pk": 37, "fields": {"order": 31, "product": 1, "quantity": 1, "lineitem_total": "134.90"}}, {"model": "checkout.orderlineitem", "pk": 38, "fields": {"order": 32, "product": 1, "quantity": 1, "lineitem_total": "134.90"}}, {"model": "checkout.orderlineitem", "pk": 39, "fields": {"order": 33, "product": 1, "quantity": 1, "lineitem_total": "134.90"}}, {"model": "checkout.orderlineitem", "pk": 40, "fields": {"order": 34, "product": 1, "quantity": 1, "lineitem_total": "134.90"}}, {"model": "checkout.orderlineitem", "pk": 41, "fields": {"order": 35, "product": 2, "quantity": 1, "lineitem_total": "134.95"}}, {"model": "checkout.orderlineitem", "pk": 42, "fields": {"order": 36, "product": 2, "quantity": 1, "lineitem_total": "134.95"}}, {"model": "checkout.orderlineitem", "pk": 43, "fields": {"order": 37, "product": 56, "quantity": 1, "lineitem_total": "10.99"}}, {"model": "checkout.orderlineitem", "pk": 44, "fields": {"order": 38, "product": 56, "quantity": 1, "lineitem_total": "10.99"}}, {"model": "checkout.orderlineitem", "pk": 45, "fields": {"order": 39, "product": 57, "quantity": 5, "lineitem_total": "45.00"}}, {"model": "checkout.orderlineitem", "pk": 46, "fields": {"order": 40, "product": 57, "quantity": 5, "lineitem_total": "45.00"}}, {"model": "profiles.userprofile", "pk": 1, "fields": {"user": 1, "default_full_name": "Dexter O'Neill", "default_email": "dexter08@email.com", "default_phone_number": "0872806262", "default_street_address1": "Sonnenallee 149", "default_street_address2": "Sonnenallee 149", "default_town_or_city": "Berlin", "default_county": "Berlin", "default_postcode": "12059", "default_country": "DE"}}, {"model": "profiles.userprofile", "pk": 2, "fields": {"user": 2, "default_full_name": null, "default_email": null, "default_phone_number": "123456321", "default_street_address1": "Home", "default_street_address2": "Home", "default_town_or_city": "Elmo land", "default_county": "Picasso", "default_postcode": "45689", "default_country": "YE"}}, {"model": "profiles.userprofile", "pk": 3, "fields": {"user": 4, "default_full_name": "frank", "default_email": "franky@frnko.com", "default_phone_number": "123456789", "default_street_address1": "Home land", "default_street_address2": "Home land", "default_town_or_city": "iceland", "default_county": null, "default_postcode": null, "default_country": "BS"}}, {"model": "tradespeople.tradespeople", "pk": 1, "fields": {"name": "Ruari O'Neill", "location": "Ulster", "phone_number": "5554446663", "email": "roniell@example.com", "description": "I am a self-motivated and confident individual always ready to help out. What I enjoy most about working for Bright Ideas is the freedom it gives me to persue my life dream of becoming a gameshow host! With my hard work I have earned plenty of respect and recognition form costumers.", "rating": "4.50", "image_url": "https://developer-update.co.uk/wp-content/uploads/sites/5/2019/12/construction.jpg", "image": "products/tradespeople4.jpg"}}, {"model": "tradespeople.tradespeople", "pk": 2, "fields": {"name": "Amrit Craft", "location": "Munster", "phone_number": "0817754123", "email": "craftya@example.com", "description": "I have worked for a variety of companys since 2001. Worked for ACB Electrical from 2001 to 2003. Joined C.j Ryder Lawlor as apprentice second year in Jan 2003 and qualified as a electrician in 2006. I have worked on the following projects :\r\n\r\nThe Grand Hotel\r\nThe Morgan Hotel\r\nBeacon Hospital\r\nIrish Life Dundalk\r\nRTE", "rating": "4.50", "image_url": "https://onegov.nsw.gov.au/New/persistent/launchpad_images/contractors_Tradespersons.jpg", "image": "products/tradespeople1.jpg"}}, {"model": "tradespeople.tradespeople", "pk": 3, "fields": {"name": "Yasmin Zimmerman", "location": "Leinster", "phone_number": "0825634298", "email": "yasdillon@example.com", "description": "Currently in my 3rd year in Bachelor of Electrical Engineering.\r\n\r\nExperienced electrician in domestic, industrial and commercial settings. These experiences are in Food & Beverage, Pharmaceutical, Milling, Water Treatment plants and Sports lighting sectors.", "rating": "4.70", "image_url": "http://www.esv.vic.gov.au/wp-content/uploads/2016/10/ph-article.jpg", "image": "products/tradespeople2.jpg"}}, {"model": "tradespeople.tradespeople", "pk": 4, "fields": {"name": "Hector Byrne", "location": "Connacht", "phone_number": "0842219836", "email": "hbyrne77@example.com", "description": "Experienced Electrician with domestic, commercial and industrial experience. Demonstrating keen sense of urgency to every customer.\r\nSkilled in on-site, strategic planning, electrical wiring, time management and training of apprentices. \r\n\r\nIt's my job, I do it  to get paid.", "rating": "4.60", "image_url": "https://www.chesapeake.edu/sites/default/files/pathways/Skilled-Trades-751x496.jpg", "image": "products/tradespeople3.jpg"}}]